날짜,동,누적강수량,최고기온(w),최저기온(w),습도,일교차,승용차추정교통량,버스추정교통량,화물차추정교통량,
2021.08.25,신공덕동,1011,30.9,21.4,79.875,9.5,6574,53,1822,8449
2021.05.04,신공덕동,1566.5,19.799999,8.8,67.16071429,10.999999,6574,53,1822,8449
2021.03.19,신공덕동,1413.5,19.700001,4.9,53.54761905,14.800001,6574,53,1822,8449
2021.03.07,신공덕동,1423,15.4,0.7,66.60119048,14.7,6574,53,1822,8449
2021.03.08,신공덕동,1423,15.4,0.7,60.79761905,14.7,6574,53,1822,8449
2021.05.19,신공덕동,1566.5,30.1,0,70.45238095,30.1,6574,53,1822,8449
2021.06.08,신공덕동,1619.5,29.6,0,69,29.6,6574,53,1822,8449
2021.08.31,신공덕동,1056,28.299999,18.700001,81.7202381,9.599998,6574,53,1822,8449
2021.08.31,신공덕동,1056,28.299999,18.700001,81.7202381,9.599998,6574,53,1822,8449
2021.09.03,신공덕동,995.5,31,18.700001,73.0952381,12.299999,6574,53,1822,8449
2021.09.15,신공덕동,972,31,12.1,61.73214286,18.9,6574,53,1822,8449
2021.10.08,신공덕동,1073.5,29.4,0,76.86309524,29.4,6574,53,1822,8449
2021.10.12,신공덕동,1083,24.6,12.2,77.01190476,12.4,6574,53,1822,8449
2021.11.24,신공덕동,1059.5,18,-0.1,65.08333333,18.1,6574,53,1822,8449
2021.03.07,신공덕동,1423,15.4,0.7,66.60119048,14.7,6574,53,1822,8449
2021.05.17,신공덕동,1602,30.1,0,67.19047619,30.1,6574,53,1822,8449
2021.07.28,신공덕동,1428,37.099998,27.4,58.63095238,9.699998,6574,53,1822,8449
2021.07.01,신공덕동,1543,31.700001,20.299999,74.10714286,11.400002,6574,53,1822,8449
2021.03.02,도화동,1423,14.9,0.7,50.80952381,14.2,6574,53,1822,8449
2021.01.27,도화동,1406,13.8,1.4,71.41666667,12.4,6574,53,1822,8449
2021.03.03,도화동,1423,14.9,0.7,54.13690476,14.2,6574,53,1822,8449
2021.03.03,도화동,1423,14.9,0.7,54.13690476,14.2,6574,53,1822,8449
2021.03.16,도화동,1413.5,16.9,4.9,56.57738095,12,6574,53,1822,8449
2021.03.18,도화동,1413.5,17.799999,4.9,56.14285714,12.899999,6574,53,1822,8449
2021.03.25,도화동,1417.5,19.700001,0,60.26785714,19.700001,6574,53,1822,8449
2021.03.25,도화동,1417.5,19.700001,0,60.26785714,19.700001,6574,53,1822,8449
2021.03.30,도화동,1443,20.6,0,61.77380952,20.6,6574,53,1822,8449
2021.04.06,도화동,1503,23.1,7.9,46.81547619,15.2,6574,53,1822,8449
2021.04.20,도화동,1509.5,21.9,7.5,55.72619048,14.4,6574,53,1822,8449
2021.04.20,도화동,1509.5,21.9,7.5,55.72619048,14.4,6574,53,1822,8449
2021.05.07,도화동,1574,22.9,8.8,62.14285714,14.1,6574,53,1822,8449
2021.08.28,도화동,993,28.299999,20.799999,84.10119048,7.5,6574,53,1822,8449
2021.09.01,도화동,1056,28.299999,18.700001,79.75595238,9.599998,6574,53,1822,8449
2021.09.03,도화동,995.5,31,18.700001,73.0952381,12.299999,6574,53,1822,8449
2021.09.08,도화동,985,31,0,66.8452381,31,6574,53,1822,8449
2021.10.05,도화동,1068.5,29.4,0,74.47619048,29.4,6574,53,1822,8449
2021.10.12,도화동,1083,24.6,12.2,77.01190476,12.4,6574,53,1822,8449
2021.10.20,도화동,1094,22.4,0,55.45238095,22.4,6574,53,1822,8449
2021.02.17,도화동,1386.5,15.2,-8.6,51.79761905,23.8,6574,53,1822,8449
2021.04.14,도화동,1528,21.5,6.2,50.85119048,15.3,6574,53,1822,8449
2021.01.11,도화동,1392.5,-2.9,-17.9,56.30952381,15,6574,53,1822,8449
2021.01.25,도화동,1404.5,13.8,-8.4,70.28571429,22.2,6574,53,1822,8449
2021.02.14,도화동,1400,15.2,-3,55.35714286,18.2,6574,53,1822,8449
2021.07.08,도화동,1633,31,0,79.32142857,31,6574,53,1822,8449
2021.10.12,도화동,1083,24.6,12.2,77.01190476,12.4,6574,53,1822,8449
2021.10.05,도화동,1068.5,29.4,0,74.47619048,29.4,6574,53,1822,8449
2021.03.30,도화동,1443,20.6,0,61.77380952,20.6,6574,53,1822,8449
2021.07.08,도화동,1633,31,0,79.32142857,31,6574,53,1822,8449
2021.02.14,공덕동,1400,15.2,-3,55.35714286,18.2,6574,53,1822,8449
2021.03.02,공덕동,1423,14.9,0.7,50.80952381,14.2,6574,53,1822,8449
2021.07.02,공덕동,1543,31.700001,0,72.02380952,31.700001,6574,53,1822,8449
2021.04.28,공덕동,1512.5,27.5,12,46.85714286,15.5,6574,53,1822,8449
2021.01.25,공덕동,1404.5,13.8,-8.4,70.28571429,22.2,6574,53,1822,8449
2021.02.09,공덕동,1409.5,10.4,-5.1,56.36309524,15.5,6574,53,1822,8449
2021.03.04,공덕동,1423,14.9,0.7,58.72619048,14.2,6574,53,1822,8449
2021.04.01,공덕동,1443,23.1,7.1,52.82738095,16,6574,53,1822,8449
2021.04.06,공덕동,1503,23.1,7.9,46.81547619,15.2,6574,53,1822,8449
2021.04.21,공덕동,1509.5,27.9,7.5,52.375,20.4,6574,53,1822,8449
2021.05.07,공덕동,1574,22.9,8.8,62.14285714,14.1,6574,53,1822,8449
2021.05.07,공덕동,1574,22.9,8.8,62.14285714,14.1,6574,53,1822,8449
2021.05.18,공덕동,1600,30.1,0,71.44047619,30.1,6574,53,1822,8449
2021.05.18,공덕동,1600,30.1,0,71.44047619,30.1,6574,53,1822,8449
2021.08.11,공덕동,962.5,33.599998,0,63.14285714,33.599998,6574,53,1822,8449
2021.08.25,공덕동,1011,30.9,21.4,79.875,9.5,6574,53,1822,8449
2021.08.25,공덕동,1011,30.9,21.4,79.875,9.5,6574,53,1822,8449
2021.09.06,공덕동,1018.5,31,0,66.14285714,31,6574,53,1822,8449
2021.09.29,공덕동,1055,28.1,0,68.33333333,28.1,6574,53,1822,8449
2021.10.05,공덕동,1068.5,29.4,0,74.47619048,29.4,6574,53,1822,8449
2021.10.25,공덕동,1094,19,0,57.19047619,19,6574,53,1822,8449
2021.12.29,공덕동,1089,9.4,-12.2,53.66071429,21.6,6574,53,1822,8449
2021.03.08,공덕동,1423,15.4,0.7,60.79761905,14.7,6574,53,1822,8449
2021.05.18,공덕동,1600,30.1,0,71.44047619,30.1,6574,53,1822,8449
2021.03.07,공덕동,1423,15.4,0.7,66.60119048,14.7,6574,53,1822,8449
2021.03.10,신공덕동,1417,16.5,3.6,59.39285714,12.9,6574,53,1822,8449
2021.05.12,신공덕동,1538.5,27.299999,10.1,52.07142857,17.199999,6574,53,1822,8449
2021.01.12,신공덕동,1392.5,-0.1,-17.9,62.88690476,17.8,6574,53,1822,8449
2021.03.07,신공덕동,1423,15.4,0.7,66.60119048,14.7,6574,53,1822,8449
2021.04.05,신공덕동,1503,23.1,7.9,45.375,15.2,6574,53,1822,8449
2021.11.15,신공덕동,1126,17.200001,3.7,62.39880952,13.500001,6574,53,1822,8449
2021.12.21,신공덕동,1090,12.3,-7,60.23214286,19.3,6574,53,1822,8449
2021.05.14,신공덕동,1538.5,30.1,11.3,53.04761905,18.8,6574,53,1822,8449
2021.01.23,공덕동,1404.5,12,-10.4,69.14285714,22.4,6574,53,1822,8449
2021.08.28,공덕동,993,28.299999,20.799999,84.10119048,7.5,6574,53,1822,8449
2021.11.25,공덕동,1059.5,18,-0.1,59.54761905,18.1,6574,53,1822,8449
2021.03.25,공덕동,1417.5,19.700001,0,60.26785714,19.700001,6574,53,1822,8449
2021.05.18,공덕동,1600,30.1,0,71.44047619,30.1,6574,53,1822,8449
2021.01.12,공덕동,1392.5,-0.1,-17.9,62.88690476,17.8,6574,53,1822,8449
2021.02.09,공덕동,1409.5,10.4,-5.1,56.36309524,15.5,6574,53,1822,8449
2021.02.13,공덕동,1400,15.2,-3.4,54.25,18.6,6574,53,1822,8449
2021.02.19,공덕동,1386.5,15.2,-8.6,50.98214286,23.8,6574,53,1822,8449
2021.03.20,공덕동,1417.5,19.700001,4.9,56.61904762,14.800001,6574,53,1822,8449
2021.04.01,공덕동,1443,23.1,7.1,52.82738095,16,6574,53,1822,8449
2021.05.20,공덕동,1572,30.1,0,72.43452381,30.1,6574,53,1822,8449
2021.05.27,공덕동,1586,25.1,12.7,69.89880952,12.4,6574,53,1822,8449
2021.11.02,공덕동,1094,20.6,10.4,62.18452381,10.2,6574,53,1822,8449
2021.11.15,공덕동,1126,17.200001,3.7,62.39880952,13.500001,6574,53,1822,8449
2021.12.07,공덕동,1089,13.4,-0.5,52.48214286,13.9,6574,53,1822,8449
2021.02.13,공덕동,1400,15.2,-3.4,54.25,18.6,6574,53,1822,8449
2021.02.13,공덕동,1400,15.2,-3.4,54.25,18.6,6574,53,1822,8449
2021.03.24,공덕동,1417.5,19.700001,0,57.32142857,19.700001,6574,53,1822,8449
2021.04.10,공덕동,1503,20.5,7.9,41.2797619,12.6,6574,53,1822,8449
2021.05.02,공덕동,1547,20.6,8.8,64.73809524,11.8,6574,53,1822,8449
2021.10.20,공덕동,1094,22.4,0,55.45238095,22.4,6574,53,1822,8449
2021.05.18,공덕동,1600,30.1,0,71.44047619,30.1,6574,53,1822,8449
2021.07.05,공덕동,1627,31.700001,0,77.10119048,31.700001,6574,53,1822,8449
2021.01.26,노고산동,1327,13,-2.2,68.9702381,15.2,8513,61,1967,10541
2021.02.03,노고산동,1331,9.2,-10.1,55.16071429,19.3,8513,61,1967,10541
2021.02.15,노고산동,1323.5,13.8,-4.7,60.92857143,18.5,8513,61,1967,10541
2021.02.24,노고산동,1304.5,17.4,-6.1,49.83928571,23.5,8513,61,1967,10541
2021.03.05,노고산동,1342,14.3,0.5,65.27380952,13.8,8513,61,1967,10541
2021.03.11,노고산동,1333.5,15.2,2.5,59.79166667,12.7,8513,61,1967,10541
2021.03.18,노고산동,1335,16.4,3.7,57.85119048,12.7,8513,61,1967,10541
2021.03.26,노고산동,1339.5,19.200001,0,62.19642857,19.200001,8513,61,1967,10541
2021.04.09,노고산동,1416,19.5,8.4,49.98214286,11.1,8513,61,1967,10541
2021.04.14,노고산동,1436.5,20.200001,5.3,53.6547619,14.900001,8513,61,1967,10541
2021.04.16,노고산동,1437,20.200001,5.3,58.16071429,14.900001,8513,61,1967,10541
2021.05.24,노고산동,1480,25.5,0,63.41666667,25.5,8513,61,1967,10541
2021.06.15,노고산동,1532,31.4,18.700001,71.50595238,12.699999,8513,61,1967,10541
2021.06.15,노고산동,1532,31.4,18.700001,71.50595238,12.699999,8513,61,1967,10541
2021.06.28,노고산동,1545,29.5,20.1,72,9.4,8513,61,1967,10541
2021.08.25,노고산동,1013,30.200001,21,77.4702381,9.200001,8513,61,1967,10541
2021.08.25,노고산동,1013,30.200001,21,77.4702381,9.200001,8513,61,1967,10541
2021.08.25,노고산동,1013,30.200001,21,77.4702381,9.200001,8513,61,1967,10541
2021.08.31,노고산동,1055.5,29,19.1,79.75595238,9.9,8513,61,1967,10541
2021.08.31,노고산동,1055.5,29,19.1,79.75595238,9.9,8513,61,1967,10541
2021.09.02,노고산동,1056.5,28.799999,19.1,76.7797619,9.699999,8513,61,1967,10541
2021.09.06,노고산동,1016,28.5,18.799999,67.07142857,9.700001,8513,61,1967,10541
2021.09.06,노고산동,1016,28.5,18.799999,67.07142857,9.700001,8513,61,1967,10541
2021.09.08,노고산동,978,28.5,0,68.33333333,28.5,8513,61,1967,10541
2021.09.08,노고산동,978,28.5,0,68.33333333,28.5,8513,61,1967,10541
2021.09.09,노고산동,978,28.5,0,69.23214286,28.5,8513,61,1967,10541
2021.09.14,노고산동,965,30,0,67.79761905,30,8513,61,1967,10541
2021.10.08,노고산동,1062.2,29.6,0,77.2797619,29.6,8513,61,1967,10541
2021.10.13,노고산동,1071.2,26,13.4,74.9702381,12.6,8513,61,1967,10541
2021.10.13,노고산동,1071.2,26,13.4,74.9702381,12.6,8513,61,1967,10541
2021.11.24,노고산동,1006.2,17.5,-1.7,66.7797619,19.2,8513,61,1967,10541
2021.12.07,노고산동,1034.2,11.4,-2.1,54.7202381,13.5,8513,61,1967,10541
2021.12.14,노고산동,1034.7,11.7,-4.2,65.60119048,15.9,8513,61,1967,10541
2021.12.20,노고산동,1036.7,11.4,-8.9,66.93452381,20.3,8513,61,1967,10541
2021.03.23,노고산동,1339.5,19.1,3.4,57.52380952,15.7,8513,61,1967,10541
2021.03.04,노고산동,1342,14.1,0.5,60.74404762,13.6,8513,61,1967,10541
2021.02.11,대흥동,1332.5,9.9,-4.2,63.55357143,14.1,8513,61,1967,10541
2021.04.05,대흥동,1416,22.6,7.7,48.22619048,14.9,8513,61,1967,10541
2021.05.13,대흥동,1459,27,10.6,54.19642857,16.4,8513,61,1967,10541
2021.11.05,대흥동,1075.7,19.9,9,71.39880952,10.9,8513,61,1967,10541
2021.11.25,대흥동,1006.2,17.5,-1.7,61.88690476,19.2,8513,61,1967,10541
2021.02.12,대흥동,1332.5,11.9,-4.2,62.375,16.1,8513,61,1967,10541
2021.03.26,대흥동,1339.5,19.200001,0,62.19642857,19.200001,8513,61,1967,10541
2021.04.05,대흥동,1416,22.6,7.7,48.22619048,14.9,8513,61,1967,10541
2021.04.14,대흥동,1436.5,20.200001,5.3,53.6547619,14.900001,8513,61,1967,10541
2021.11.15,대흥동,1108.7,17,2.4,63.73809524,14.6,8513,61,1967,10541
2021.12.07,대흥동,1034.2,11.4,-2.1,54.7202381,13.5,8513,61,1967,10541
2021.12.28,대흥동,1035.7,7.3,-14,55.35714286,21.3,8513,61,1967,10541
2021.04.14,대흥동,1436.5,20.200001,5.3,53.6547619,14.900001,8513,61,1967,10541
2021.03.02,대흥동,1342,14.1,0.4,54.25595238,13.7,8513,61,1967,10541
2021.05.20,대흥동,1488.5,29.1,0,73.92261905,29.1,8513,61,1967,10541
2021.05.20,대흥동,1488.5,29.1,0,73.92261905,29.1,8513,61,1967,10541
2021.06.18,대흥동,1538.5,29.9,18.700001,72.83333333,11.199999,8513,61,1967,10541
2021.06.29,대흥동,1550.5,29.5,20.200001,73.54166667,9.299999,8513,61,1967,10541
2021.07.13,대흥동,1566.5,32.400002,0,77.875,32.400002,8513,61,1967,10541
2021.07.16,대흥동,1544.5,36.799999,0,73.79166667,36.799999,8513,61,1967,10541
2021.08.27,대흥동,1009.5,29,21,82.375,8,8513,61,1967,10541
2021.12.03,대흥동,1034.2,12.4,-2.1,55.51190476,14.5,8513,61,1967,10541
2021.12.15,대흥동,1034.7,11.3,-4.2,68.02380952,15.5,8513,61,1967,10541
2021.02.08,마포동,1332.5,9.8,-7.6,57.22619048,17.4,6260,98,1600,7958
2021.03.16,마포동,1335,16.200001,3.7,58.7202381,12.500001,6260,98,1600,7958
2021.03.23,마포동,1339.5,19.1,3.4,57.52380952,15.7,6260,98,1600,7958
2021.04.06,마포동,1416,22.6,8.5,49.76785714,14.1,6260,98,1600,7958
2021.04.15,마포동,1436.5,20.200001,5.3,55.86309524,14.900001,6260,98,1600,7958
2021.05.04,마포동,1476.5,19.9,8.2,65.51190476,11.7,6260,98,1600,7958
2021.07.19,마포동,1518.5,36.799999,24.4,70.31547619,12.399999,6260,98,1600,7958
2021.09.18,마포동,964.5,30,20.4,60.44047619,9.6,6260,98,1600,7958
2021.10.12,마포동,1071.2,26,13.4,77.125,12.6,6260,98,1600,7958
2021.03.04,마포동,1342,14.1,0.5,60.74404762,13.6,6260,98,1600,7958
2021.03.18,마포동,1335,16.4,3.7,57.85119048,12.7,6260,98,1600,7958
2021.04.02,마포동,1361.5,22.6,6.2,54.81547619,16.4,6260,98,1600,7958
2021.04.09,마포동,1416,19.5,8.4,49.98214286,11.1,6260,98,1600,7958
2021.03.10,마포동,1337.5,14.8,2.5,62.88095238,12.3,6260,98,1600,7958
2021.04.12,마포동,1436.5,20.200001,8.4,49.53571429,11.800001,6260,98,1600,7958
2021.04.13,마포동,1436.5,20.200001,5.3,50.45238095,14.900001,6260,98,1600,7958
2021.08.12,마포동,985,33.299999,0,66.8452381,33.299999,6260,98,1600,7958
2021.08.31,마포동,1055.5,29,19.1,79.75595238,9.9,6260,98,1600,7958
2021.01.20,마포동,1317,10.8,-10.1,50.98809524,20.9,6260,98,1600,7958
2021.04.08,마포동,1416,22.6,8.4,49.78571429,14.2,6260,98,1600,7958
2021.04.19,마포동,1432,18.6,5.3,57.58333333,13.3,6260,98,1600,7958
2021.06.02,마포동,1512,30.6,0,71.75595238,30.6,6260,98,1600,7958
2021.06.25,마포동,1542,29.299999,0,68.4702381,29.299999,6260,98,1600,7958
2021.07.05,마포동,1559.5,31.1,0,76.57738095,31.1,6260,98,1600,7958
2021.08.25,마포동,1013,30.200001,21,77.4702381,9.200001,6260,98,1600,7958
2021.08.25,마포동,1013,30.200001,21,77.4702381,9.200001,6260,98,1600,7958
2021.10.12,마포동,1071.2,26,13.4,77.125,12.6,6260,98,1600,7958
2021.10.22,마포동,1082.2,16.799999,0,54.03571429,16.799999,6260,98,1600,7958
2021.09.13,마포동,965,30,0,73.30357143,30,6260,98,1600,7958
2021.03.03,마포동,1342,14.1,0.4,57.02380952,13.7,6260,98,1600,7958
2021.06.25,마포동,1542,29.299999,0,68.4702381,29.299999,6260,98,1600,7958
2021.12.30,마포동,1035.7,6.8,-14,55.07738095,20.8,6260,98,1600,7958
2021.05.18,마포동,1517,29.1,0,72.88095238,29.1,6260,98,1600,7958
2021.06.26,마포동,1539.5,29.299999,20.1,69.69047619,9.199999,6260,98,1600,7958
2021.08.25,마포동,1013,30.200001,21,77.4702381,9.200001,6260,98,1600,7958
2021.03.04,마포동,1342,14.1,0.5,60.74404762,13.6,6260,98,1600,7958
2021.03.10,마포동,1337.5,14.8,2.5,62.88095238,12.3,6260,98,1600,7958
2021.04.16,마포동,1437,20.200001,5.3,58.16071429,14.900001,6260,98,1600,7958
2021.05.28,마포동,1500.5,24.9,12.3,66.6547619,12.6,6260,98,1600,7958
2021.05.28,마포동,1500.5,24.9,12.3,66.6547619,12.6,6260,98,1600,7958
2021.11.18,마포동,1104.2,17,4.4,63.56547619,12.6,6260,98,1600,7958
2021.04.16,마포동,1437,20.200001,5.3,58.16071429,14.900001,6260,98,1600,7958
2021.05.21,마포동,1490.5,25.5,0,76.70238095,25.5,6260,98,1600,7958
2021.06.09,마포동,1529.5,31.4,0,68.0297619,31.4,6260,98,1600,7958
2021.05.21,마포동,1490.5,25.5,0,76.70238095,25.5,6260,98,1600,7958
2021.12.01,마포동,1034.2,12.4,-2.1,54.10714286,14.5,6260,98,1600,7958
2021.02.08,도화동,1332.5,9.8,-7.6,57.22619048,17.4,6260,98,1600,7958
2021.05.20,도화동,1488.5,29.1,0,73.92261905,29.1,6260,98,1600,7958
2021.08.12,도화동,985,33.299999,0,66.8452381,33.299999,6260,98,1600,7958
2021.08.13,도화동,985,33.299999,0,66.125,33.299999,6260,98,1600,7958
2021.05.13,도화동,1459,27,10.6,54.19642857,16.4,6260,98,1600,7958
2021.05.18,도화동,1517,29.1,0,72.88095238,29.1,6260,98,1600,7958
2021.09.03,도화동,994.5,28.799999,19.1,72.77380952,9.699999,6260,98,1600,7958
2021.04.20,도화동,1421.5,20.4,7.2,56.26190476,13.2,6260,98,1600,7958
2021.03.31,망원동,1361.5,20.9,5.7,61.5,15.2,22388,435,5501,28324
2021.03.31,망원동,1361.5,20.9,5.7,61.5,15.2,22388,435,5501,28324
2021.06.03,망원동,1529.5,30.6,0,71.2797619,30.6,22388,435,5501,28324
2021.01.21,망원동,1317,10.8,-10.1,56.89880952,20.9,22388,435,5501,28324
2021.01.19,망원동,1317,10.8,-10.1,54.44047619,20.9,22388,435,5501,28324
2021.02.22,망원동,1304.5,17.4,-9.4,54.05952381,26.8,22388,435,5501,28324
2021.03.03,망원동,1342,14.1,0.4,57.02380952,13.7,22388,435,5501,28324
2021.05.18,망원동,1517,29.1,0,72.88095238,29.1,22388,435,5501,28324
2021.08.24,망원동,1013,30.200001,21,74.56547619,9.200001,22388,435,5501,28324
2021.11.22,망원동,1006.2,17.5,-1.7,66.07738095,19.2,22388,435,5501,28324
2021.01.26,망원동,1327,13,-2.2,68.9702381,15.2,22388,435,5501,28324
2021.01.26,망원동,1327,13,-2.2,68.9702381,15.2,22388,435,5501,28324
2021.02.03,망원동,1331,9.2,-10.1,55.16071429,19.3,22388,435,5501,28324
2021.03.31,망원동,1361.5,20.9,5.7,61.5,15.2,22388,435,5501,28324
2021.06.11,망원동,1532.5,31.4,18.9,70.51785714,12.5,22388,435,5501,28324
2021.04.22,망원동,1421,27.700001,7.2,51.36309524,20.500001,22388,435,5501,28324
2021.05.27,망원동,1500,24.9,12.3,67.28571429,12.6,22388,435,5501,28324
2021.06.15,망원동,1532,31.4,18.700001,71.50595238,12.699999,22388,435,5501,28324
2021.11.23,망원동,1006.2,17.5,-1.7,65.61309524,19.2,22388,435,5501,28324
2021.04.23,망원동,1421,27.700001,7.2,48.1547619,20.500001,22388,435,5501,28324
2021.06.02,망원동,1512,30.6,0,71.75595238,30.6,22388,435,5501,28324
2021.06.26,망원동,1539.5,29.299999,20.1,69.69047619,9.199999,22388,435,5501,28324
2021.07.11,망원동,1583,30.700001,22,78.17261905,8.700001,22388,435,5501,28324
2021.01.26,망원동,1327,13,-2.2,68.9702381,15.2,22388,435,5501,28324
2021.02.05,망원동,1332.5,9.2,-7.6,59.26190476,16.8,22388,435,5501,28324
2021.02.28,망원동,1290.5,14.1,-1.8,42.36904762,15.9,22388,435,5501,28324
2021.03.03,망원동,1342,14.1,0.4,57.02380952,13.7,22388,435,5501,28324
2021.03.05,망원동,1342,14.3,0.5,65.27380952,13.8,22388,435,5501,28324
2021.04.13,망원동,1436.5,20.200001,5.3,50.45238095,14.900001,22388,435,5501,28324
2021.05.05,망원동,1476.5,19.9,8.2,65.42857143,11.7,22388,435,5501,28324
2021.05.18,망원동,1517,29.1,0,72.88095238,29.1,22388,435,5501,28324
2021.05.20,망원동,1488.5,29.1,0,73.92261905,29.1,22388,435,5501,28324
2021.05.24,망원동,1480,25.5,0,63.41666667,25.5,22388,435,5501,28324
2021.05.27,망원동,1500,24.9,12.3,67.28571429,12.6,22388,435,5501,28324
2021.05.27,망원동,1500,24.9,12.3,67.28571429,12.6,22388,435,5501,28324
2021.05.27,망원동,1500,24.9,12.3,67.28571429,12.6,22388,435,5501,28324
2021.05.30,망원동,1511,25.5,0,69.13095238,25.5,22388,435,5501,28324
2021.06.14,망원동,1531,31.4,18.700001,71.80952381,12.699999,22388,435,5501,28324
2021.06.14,망원동,1531,31.4,18.700001,71.80952381,12.699999,22388,435,5501,28324
2021.06.15,망원동,1532,31.4,18.700001,71.50595238,12.699999,22388,435,5501,28324
2021.06.20,망원동,1538.5,29.299999,0,71.61904762,29.299999,22388,435,5501,28324
2021.06.30,망원동,1495.5,29.5,20.200001,74.0297619,9.299999,22388,435,5501,28324
2021.07.08,망원동,1581.5,30.700001,0,77.93452381,30.700001,22388,435,5501,28324
2021.07.24,망원동,1434.5,36.5,24.4,65.48214286,12.1,22388,435,5501,28324
2021.07.24,망원동,1434.5,36.5,24.4,65.48214286,12.1,22388,435,5501,28324
2021.08.04,망원동,1269,35.299999,25.700001,71,9.599998,22388,435,5501,28324
2021.09.01,망원동,1056.5,29,19.1,78.21428571,9.9,22388,435,5501,28324
2021.09.03,망원동,994.5,28.799999,19.1,72.77380952,9.699999,22388,435,5501,28324
2021.09.07,망원동,1006,28.5,18.799999,68.01785714,9.700001,22388,435,5501,28324
2021.09.23,망원동,1031,29.200001,17.5,66.79761905,11.700001,22388,435,5501,28324
2021.09.23,망원동,1031,29.200001,17.5,66.79761905,11.700001,22388,435,5501,28324
2021.10.19,망원동,1082.2,24.1,2.3,59.20833333,21.8,22388,435,5501,28324
2021.11.05,망원동,1075.7,19.9,9,71.39880952,10.9,22388,435,5501,28324
2021.11.09,망원동,1108.7,20.4,2.4,68.8452381,18,22388,435,5501,28324
2021.11.10,망원동,1108.7,20.4,2.4,67.58333333,18,22388,435,5501,28324
2021.11.10,망원동,1108.7,20.4,2.4,67.58333333,18,22388,435,5501,28324
2021.11.16,망원동,1108.7,17,3.8,61.43452381,13.2,22388,435,5501,28324
2021.12.11,망원동,1034.2,11.7,2.6,68.10119048,9.1,22388,435,5501,28324
2021.12.15,망원동,1034.7,11.3,-4.2,68.02380952,15.5,22388,435,5501,28324
2021.12.21,망원동,1036.7,11.4,-8.9,63.66071429,20.3,22388,435,5501,28324
2021.12.31,망원동,1035.7,6.8,-14,52.2202381,20.8,22388,435,5501,28324
2021.03.31,상암동,1397,21.5,3,53.36309524,18.5,14170,243,3372,17785
2021.06.07,상암동,1603,29.9,0,64.82142857,29.9,14170,243,3372,17785
2021.08.30,상암동,956.5,29.299999,20.200001,80.29761905,9.099998,14170,243,3372,17785
2021.02.01,상암동,1358,9.1,-10.5,52.6547619,19.6,14170,243,3372,17785
2021.04.16,상암동,1477.5,20.700001,4.4,52.35714286,16.300001,14170,243,3372,17785
2021.02.08,상암동,1359.5,9.2,-8.5,55.21428571,17.7,14170,243,3372,17785
2021.02.17,상암동,1341.5,13.1,-9.5,50.95238095,22.6,14170,243,3372,17785
2021.02.17,상암동,1341.5,13.1,-9.5,50.95238095,22.6,14170,243,3372,17785
2021.02.22,상암동,1332,16.6,-9.5,50.45238095,26.1,14170,243,3372,17785
2021.04.12,상암동,1477,20.700001,5.8,45.35119048,14.900001,14170,243,3372,17785
2021.05.10,상암동,1522,22.5,7.7,55.47619048,14.8,14170,243,3372,17785
2021.05.26,상암동,1559.5,25.1,0,61.60119048,25.1,14170,243,3372,17785
2021.07.26,상암동,1461,37.299999,24.5,57.24404762,12.799999,14170,243,3372,17785
2021.08.28,상암동,1046,29.299999,20.200001,81.54761905,9.099998,14170,243,3372,17785
2021.11.15,상암동,1070.5,17,0.2,2.869047619,16.8,14170,243,3372,17785
2021.03.04,상암동,1375,15.2,-1.3,54.38095238,16.5,14170,243,3372,17785
2021.05.24,상암동,1550,26.299999,0,57.60119048,26.299999,14170,243,3372,17785
2021.04.13,상암동,1477,20.700001,4.4,45.82738095,16.300001,14170,243,3372,17785
2021.09.01,상암동,1026,29.299999,18.299999,78.41071429,11,14170,243,3372,17785
2021.06.15,상암동,1615.5,32.200001,17.6,63.30357143,14.600001,14170,243,3372,17785
2021.11.01,상암동,1047,20.299999,5.4,60.39880952,14.899999,14170,243,3372,17785
2021.06.10,상암동,1621,32.200001,17.1,60.9047619,15.100001,14170,243,3372,17785
2021.01.14,상암동,1349.5,8.4,-15.8,56.23809524,24.2,14170,243,3372,17785
2021.03.29,상암동,1397,19.9,0,61.03571429,19.9,14170,243,3372,17785
2021.04.07,상암동,1450,23.6,5.5,47.19642857,18.1,14170,243,3372,17785
2021.04.14,상암동,1477,20.700001,4.4,47.26785714,16.300001,14170,243,3372,17785
2021.02.01,상암동,1358,9.1,-10.5,52.6547619,19.6,14170,243,3372,17785
2021.02.09,상암동,1359.5,9.2,-6.9,56.23809524,16.1,14170,243,3372,17785
2021.03.11,상암동,1367.5,15.9,0,56.77380952,15.9,14170,243,3372,17785
2021.04.08,상암동,1450,22.299999,5.5,47.4702381,16.799999,14170,243,3372,17785
2021.04.12,상암동,1477,20.700001,5.8,45.35119048,14.900001,14170,243,3372,17785
2021.05.10,상암동,1522,22.5,7.7,55.47619048,14.8,14170,243,3372,17785
2021.07.05,상암동,1601,32.700001,0,76.45833333,32.700001,14170,243,3372,17785
2021.07.21,상암동,1563,36.5,22.5,68.86309524,14,14170,243,3372,17785
2021.08.06,상암동,1223.5,34.900002,22.700001,70.25,12.200001,14170,243,3372,17785
2021.08.23,상암동,1060.5,31.799999,20.4,70.66071429,11.399999,14170,243,3372,17785
2021.10.06,상암동,1027.5,29.4,0,76.57738095,29.4,14170,243,3372,17785
2021.01.14,상암동,1349.5,8.4,-15.8,56.23809524,24.2,14170,243,3372,17785
2021.02.09,상암동,1359.5,9.2,-6.9,56.23809524,16.1,14170,243,3372,17785
2021.02.09,상암동,1359.5,9.2,-6.9,56.23809524,16.1,14170,243,3372,17785
2021.02.10,상암동,1359.5,9.2,-6.2,56.55357143,15.4,14170,243,3372,17785
2021.03.17,상암동,1368.5,15.8,1.3,53.36904762,14.5,14170,243,3372,17785
2021.04.07,상암동,1450,23.6,5.5,47.19642857,18.1,14170,243,3372,17785
2021.06.07,상암동,1603,29.9,0,64.82142857,29.9,14170,243,3372,17785
2021.07.12,상암동,1602.5,33.299999,0,77.20238095,33.299999,14170,243,3372,17785
2021.08.20,상암동,1013,32.599998,20.4,59.625,12.199998,14170,243,3372,17785
2021.10.14,상암동,1041,26.200001,12.8,74.5952381,13.400001,14170,243,3372,17785
2021.01.26,상암동,1356,13.6,-3.9,60.77380952,17.5,14170,243,3372,17785
2021.01.26,상암동,1356,13.6,-3.9,60.77380952,17.5,14170,243,3372,17785
2021.03.09,상암동,1375,14.3,0,58.125,14.3,14170,243,3372,17785
2021.05.10,상암동,1522,22.5,7.7,55.47619048,14.8,14170,243,3372,17785
2021.07.19,상암동,1564,34.799999,22.5,70.66666667,12.299999,14170,243,3372,17785
2021.09.09,상암동,934.5,30.200001,0,64.64285714,30.200001,14170,243,3372,17785
2021.01.14,상암동,1349.5,8.4,-15.8,56.23809524,24.2,14170,243,3372,17785
2021.01.20,상암동,1348.5,10.3,-11.4,45.22619048,21.7,14170,243,3372,17785
2021.02.08,상암동,1359.5,9.2,-8.5,55.21428571,17.7,14170,243,3372,17785
2021.02.10,상암동,1359.5,9.2,-6.2,56.55357143,15.4,14170,243,3372,17785
2021.02.22,상암동,1332,16.6,-9.5,50.45238095,26.1,14170,243,3372,17785
2021.03.08,상암동,1375,14.3,-1.3,58.33333333,15.6,14170,243,3372,17785
2021.03.27,상암동,1396,19.9,0,59.64880952,19.9,14170,243,3372,17785
2021.03.29,상암동,1397,19.9,0,61.03571429,19.9,14170,243,3372,17785
2021.04.14,상암동,1477,20.700001,4.4,47.26785714,16.300001,14170,243,3372,17785
2021.04.26,상암동,1465,27.1,8.6,37.4702381,18.5,14170,243,3372,17785
2021.05.24,상암동,1550,26.299999,0,57.60119048,26.299999,14170,243,3372,17785
2021.06.14,상암동,1614,32.200001,17.6,63.27380952,14.600001,14170,243,3372,17785
2021.06.20,상암동,1621.5,29.700001,0,72.47619048,29.700001,14170,243,3372,17785
2021.06.29,상암동,1589.5,31.5,19.1,74.92261905,12.4,14170,243,3372,17785
2021.07.07,상암동,1602.5,32.700001,0,74.125,32.700001,14170,243,3372,17785
2021.07.27,상암동,1460.5,37.299999,26,56.125,11.299999,14170,243,3372,17785
2021.08.04,상암동,1313.5,34.900002,23.700001,69.23214286,11.200001,14170,243,3372,17785
2021.08.30,상암동,956.5,29.299999,20.200001,80.29761905,9.099998,14170,243,3372,17785
2021.09.01,상암동,1026,29.299999,18.299999,78.41071429,11,14170,243,3372,17785
2021.09.09,상암동,934.5,30.200001,0,64.64285714,30.200001,14170,243,3372,17785
2021.09.24,상암동,988,29.4,16,64.23809524,13.4,14170,243,3372,17785
2021.09.29,상암동,998,28.1,0,67.97619048,28.1,14170,243,3372,17785
2021.10.02,상암동,1020.5,28.200001,16,74.83333333,12.200001,14170,243,3372,17785
2021.10.05,상암동,1024,29.4,0,77.64285714,29.4,14170,243,3372,17785
2021.10.08,상암동,1030,29.4,0,80.21428571,29.4,14170,243,3372,17785
2021.10.14,상암동,1041,26.200001,12.8,74.5952381,13.400001,14170,243,3372,17785
2021.12.08,상암동,1032,13.3,-3.2,55.41666667,16.5,14170,243,3372,17785
2021.12.30,상암동,1033,7,-14.2,41.76785714,21.2,14170,243,3372,17785
2021.02.10,상암동,1359.5,9.2,-6.2,56.55357143,15.4,14170,243,3372,17785
2021.03.02,상암동,1375,15.2,-1.9,47.8452381,17.1,14170,243,3372,17785
2021.03.06,상암동,1375,14.3,-1.3,62.67857143,15.6,14170,243,3372,17785
2021.03.19,상암동,1368.5,19.5,1.3,51.85714286,18.2,14170,243,3372,17785
2021.03.25,상암동,1372.5,19.5,0,59.74404762,19.5,14170,243,3372,17785
2021.03.25,상암동,1372.5,19.5,0,59.74404762,19.5,14170,243,3372,17785
2021.04.08,상암동,1450,22.299999,5.5,47.4702381,16.799999,14170,243,3372,17785
2021.04.08,상암동,1450,22.299999,5.5,47.4702381,16.799999,14170,243,3372,17785
2021.04.09,상암동,1450,19.700001,5.5,47.07738095,14.200001,14170,243,3372,17785
2021.04.12,상암동,1477,20.700001,5.8,45.35119048,14.900001,14170,243,3372,17785
2021.04.30,상암동,1502.5,23.700001,9.1,53.70238095,14.600001,14170,243,3372,17785
2021.05.24,상암동,1550,26.299999,0,57.60119048,26.299999,14170,243,3372,17785
2021.05.28,상암동,1572.5,25.1,12.3,62.60714286,12.8,14170,243,3372,17785
2021.05.28,상암동,1572.5,25.1,12.3,62.60714286,12.8,14170,243,3372,17785
2021.07.05,상암동,1601,32.700001,0,76.45833333,32.700001,14170,243,3372,17785
2021.08.23,상암동,1060.5,31.799999,20.4,70.66071429,11.399999,14170,243,3372,17785
2021.08.23,상암동,1060.5,31.799999,20.4,70.66071429,11.399999,14170,243,3372,17785
2021.08.29,상암동,1031,29.299999,20.200001,81.98809524,9.099998,14170,243,3372,17785
2021.08.30,상암동,956.5,29.299999,20.200001,80.29761905,9.099998,14170,243,3372,17785
2021.08.30,상암동,956.5,29.299999,20.200001,80.29761905,9.099998,14170,243,3372,17785
2021.09.04,상암동,971.5,30.200001,18.1,68.05952381,12.100001,14170,243,3372,17785
2021.09.06,상암동,991.5,30.200001,18.1,63.81547619,12.100001,14170,243,3372,17785
2021.09.08,상암동,934.5,30.200001,0,64.75595238,30.200001,14170,243,3372,17785
2021.09.08,상암동,934.5,30.200001,0,64.75595238,30.200001,14170,243,3372,17785
2021.09.10,상암동,924.5,29.799999,0,68.13095238,29.799999,14170,243,3372,17785
2021.10.06,상암동,1027.5,29.4,0,76.57738095,29.4,14170,243,3372,17785
2021.11.08,상암동,1068,21.299999,3.4,55.75595238,17.899999,14170,243,3372,17785
2021.01.21,상암동,1348.5,10.3,-11.4,51.86309524,21.7,14170,243,3372,17785
2021.01.29,상암동,1358,13.6,-10.5,50.14285714,24.1,14170,243,3372,17785
2021.04.07,상암동,1450,23.6,5.5,47.19642857,18.1,14170,243,3372,17785
2021.05.09,상암동,1532.5,22.5,8.5,51.9702381,14,14170,243,3372,17785
2021.08.04,상암동,1313.5,34.900002,23.700001,69.23214286,11.200001,14170,243,3372,17785
2021.08.24,상암동,1065.5,31.4,20.4,71.58928571,11,14170,243,3372,17785
2021.07.04,상암동,1601,32.700001,0,76.74404762,32.700001,14170,243,3372,17785
2021.07.04,상암동,1601,32.700001,0,76.74404762,32.700001,14170,243,3372,17785
2021.08.24,상암동,1065.5,31.4,20.4,71.58928571,11,14170,243,3372,17785
2021.03.01,상암동,1375,15.2,-2.8,42.76190476,18,14170,243,3372,17785
2021.03.01,상암동,1375,15.2,-2.8,42.76190476,18,14170,243,3372,17785
2021.08.05,상암동,1309,34.900002,23.700001,70.16071429,11.200001,14170,243,3372,17785
2021.09.09,상암동,934.5,30.200001,0,64.64285714,30.200001,14170,243,3372,17785
2021.10.27,상암동,1048.5,19.1,4,54.25,15.1,14170,243,3372,17785
2021.11.11,상암동,1070.5,21.299999,1.5,25.32142857,19.799999,14170,243,3372,17785
2021.11.11,상암동,1070.5,21.299999,1.5,25.32142857,19.799999,14170,243,3372,17785
2021.11.11,상암동,1070.5,21.299999,1.5,25.32142857,19.799999,14170,243,3372,17785
2021.03.04,상암동,1375,15.2,-1.3,54.38095238,16.5,14170,243,3372,17785
2021.03.05,상암동,1375,15.1,-1.3,60.13095238,16.4,14170,243,3372,17785
2021.03.07,상암동,1375,14.3,-1.3,63.88095238,15.6,14170,243,3372,17785
2021.06.30,상암동,1538,31.5,19.1,74.99404762,12.4,14170,243,3372,17785
2021.08.01,상암동,1452.5,35.700001,25.1,63.80357143,10.600001,14170,243,3372,17785
2021.08.02,상암동,1433,35.700001,23.700001,66.98809524,12,14170,243,3372,17785
2021.08.04,상암동,1313.5,34.900002,23.700001,69.23214286,11.200001,14170,243,3372,17785
2021.09.03,상암동,975.5,30.200001,18.1,71.125,12.100001,14170,243,3372,17785
2021.11.11,상암동,1070.5,21.299999,1.5,25.32142857,19.799999,14170,243,3372,17785
2021.03.01,상암동,1375,15.2,-2.8,42.76190476,18,14170,243,3372,17785
2021.03.10,상암동,1371,15.9,0,59.36309524,15.9,14170,243,3372,17785
2021.05.24,상암동,1550,26.299999,0,57.60119048,26.299999,14170,243,3372,17785
2021.06.18,상암동,1621.5,30.799999,17.6,71.14285714,13.199999,14170,243,3372,17785
2021.06.30,상암동,1538,31.5,19.1,74.99404762,12.4,14170,243,3372,17785
2021.08.04,상암동,1313.5,34.900002,23.700001,69.23214286,11.200001,14170,243,3372,17785
2021.04.13,상암동,1477,20.700001,4.4,45.82738095,16.300001,14170,243,3372,17785
2021.05.09,상암동,1532.5,22.5,8.5,51.9702381,14,14170,243,3372,17785
2021.05.30,상암동,1584.5,27,0,67.07142857,27,14170,243,3372,17785
2021.06.14,상암동,1614,32.200001,17.6,63.27380952,14.600001,14170,243,3372,17785
2021.09.01,상암동,1026,29.299999,18.299999,78.41071429,11,14170,243,3372,17785
2021.12.29,상암동,1033,7.8,-14.2,43.08928571,22,14170,243,3372,17785
2021.02.15,상암동,1355,13.1,-5.9,55.08333333,19,14170,243,3372,17785
2021.03.27,상암동,1396,19.9,0,59.64880952,19.9,14170,243,3372,17785
2021.06.14,상암동,1614,32.200001,17.6,63.27380952,14.600001,14170,243,3372,17785
2021.07.09,상암동,1604,30.700001,20,80.0297619,10.700001,14170,243,3372,17785
2021.07.09,상암동,1604,30.700001,20,80.0297619,10.700001,14170,243,3372,17785
2021.09.23,상암동,988,29.4,16,64.47619048,13.4,14170,243,3372,17785
2021.10.28,상암동,1048.5,19.9,4.5,53.57142857,15.4,14170,243,3372,17785
2021.10.28,상암동,1048.5,19.9,4.5,53.57142857,15.4,14170,243,3372,17785
2021.03.21,상암동,1372.5,19.5,1.3,53.02380952,18.2,14170,243,3372,17785
2021.03.29,상암동,1397,19.9,0,61.03571429,19.9,14170,243,3372,17785
2021.06.09,상암동,1603,32.200001,0,63.33928571,32.200001,14170,243,3372,17785
2021.09.10,상암동,924.5,29.799999,0,68.13095238,29.799999,14170,243,3372,17785
2021.02.10,상암동,1359.5,9.2,-6.2,56.55357143,15.4,14170,243,3372,17785
2021.02.11,상암동,1359.5,10,-6.2,58.99404762,16.2,14170,243,3372,17785
2021.03.02,상암동,1375,15.2,-1.9,47.8452381,17.1,14170,243,3372,17785
2021.03.21,상암동,1372.5,19.5,1.3,53.02380952,18.2,14170,243,3372,17785
2021.04.17,상암동,1476.5,20.700001,4.4,52.93452381,16.300001,14170,243,3372,17785
2021.12.13,상암동,1032,13.3,-4.4,64.30952381,17.7,14170,243,3372,17785
2021.12.13,상암동,1032,13.3,-4.4,64.30952381,17.7,14170,243,3372,17785
2021.04.15,상암동,1477,20.700001,4.4,49.73809524,16.300001,14170,243,3372,17785
2021.06.09,상암동,1603,32.200001,0,63.33928571,32.200001,14170,243,3372,17785
2021.06.30,상암동,1538,31.5,19.1,74.99404762,12.4,14170,243,3372,17785
2021.07.20,상암동,1563.5,34.799999,22.5,70.75595238,12.299999,14170,243,3372,17785
2021.10.06,상암동,1027.5,29.4,0,76.57738095,29.4,14170,243,3372,17785
2021.10.20,상암동,1048.5,24.1,0,54,24.1,14170,243,3372,17785
2021.01.06,상암동,1406.5,0.4,-15.6,42.38095238,16,14170,243,3372,17785
2021.01.25,상암동,1356,13.6,-8.5,54.39285714,22.1,14170,243,3372,17785
2021.02.09,상암동,1359.5,9.2,-6.9,56.23809524,16.1,14170,243,3372,17785
2021.02.09,상암동,1359.5,9.2,-6.9,56.23809524,16.1,14170,243,3372,17785
2021.02.15,상암동,1355,13.1,-5.9,55.08333333,19,14170,243,3372,17785
2021.02.24,상암동,1332,16.6,-6.5,45.30952381,23.1,14170,243,3372,17785
2021.03.18,상암동,1368.5,16.6,1.3,54.08333333,15.3,14170,243,3372,17785
2021.03.19,상암동,1368.5,19.5,1.3,51.85714286,18.2,14170,243,3372,17785
2021.03.21,상암동,1372.5,19.5,1.3,53.02380952,18.2,14170,243,3372,17785
2021.03.29,상암동,1397,19.9,0,61.03571429,19.9,14170,243,3372,17785
2021.04.03,상암동,1450,23.6,3,47.63690476,20.6,14170,243,3372,17785
2021.04.07,상암동,1450,23.6,5.5,47.19642857,18.1,14170,243,3372,17785
2021.04.14,상암동,1477,20.700001,4.4,47.26785714,16.300001,14170,243,3372,17785
2021.04.28,상암동,1470,27,10.4,44.28571429,16.6,14170,243,3372,17785
2021.05.03,상암동,1518,20,8,57.4047619,12,14170,243,3372,17785
2021.05.28,상암동,1572.5,25.1,12.3,62.60714286,12.8,14170,243,3372,17785
2021.05.28,상암동,1572.5,25.1,12.3,62.60714286,12.8,14170,243,3372,17785
2021.06.17,상암동,1620.5,30.799999,17.6,68.23809524,13.199999,14170,243,3372,17785
2021.06.23,상암동,1621.5,29.4,0,74.21428571,29.4,14170,243,3372,17785
2021.07.09,상암동,1604,30.700001,20,80.0297619,10.700001,14170,243,3372,17785
2021.07.09,상암동,1604,30.700001,20,80.0297619,10.700001,14170,243,3372,17785
2021.07.12,상암동,1602.5,33.299999,0,77.20238095,33.299999,14170,243,3372,17785
2021.09.23,상암동,988,29.4,16,64.47619048,13.4,14170,243,3372,17785
2021.09.23,상암동,988,29.4,16,64.47619048,13.4,14170,243,3372,17785
2021.09.30,상암동,998,28.1,0,69.61904762,28.1,14170,243,3372,17785
2021.09.30,상암동,998,28.1,0,69.61904762,28.1,14170,243,3372,17785
2021.11.15,상암동,1070.5,17,0.2,2.869047619,16.8,14170,243,3372,17785
2021.12.09,상암동,1032,13.3,-3.2,54.52380952,16.5,14170,243,3372,17785
2021.12.15,상암동,1034.5,11.7,-4.4,69.32142857,16.1,14170,243,3372,17785
2021.04.13,하중동,1436.5,20.200001,5.3,50.45238095,14.900001,16779,525,4196,21500
2021.06.10,하중동,1540.5,31.4,18,66.74404762,13.4,16779,525,4196,21500
2021.02.19,창전동,1311,13.8,-9.4,54.18452381,23.2,16779,525,4196,21500
2021.05.03,창전동,1456.5,19.9,8.2,62.2797619,11.7,16779,525,4196,21500
2021.03.11,창전동,1333.5,15.2,2.5,59.79166667,12.7,16779,525,4196,21500
2021.05.17,상수동,1517,29.1,0,69.10119048,29.1,16779,525,4196,21500
2021.08.09,상수동,1152,34.599998,0,67.20238095,34.599998,16779,525,4196,21500
2021.04.13,상수동,1436.5,20.200001,5.3,50.45238095,14.900001,16779,525,4196,21500
2021.05.18,상수동,1517,29.1,0,72.88095238,29.1,16779,525,4196,21500
2021.08.25,상수동,1013,30.200001,21,77.4702381,9.200001,16779,525,4196,21500
2021.11.03,상수동,1075.7,19.6,9,66.85119048,10.6,16779,525,4196,21500
2021.02.10,상수동,1332.5,9.8,-5.1,60.45833333,14.9,16779,525,4196,21500
2021.02.09,상수동,1332.5,9.8,-5.8,58.26785714,15.6,16779,525,4196,21500
2021.04.10,하중동,1416,19.5,8.4,44.79166667,11.1,16779,525,4196,21500
2021.11.16,하중동,1108.7,17,3.8,61.43452381,13.2,16779,525,4196,21500
2021.04.13,창전동,1436.5,20.200001,5.3,50.45238095,14.900001,16779,525,4196,21500
2021.04.30,창전동,1450.5,22.299999,8.4,57.29166667,13.899999,16779,525,4196,21500
2021.03.19,상수동,1335,19.1,3.7,55.45238095,15.4,16779,525,4196,21500
2021.07.19,상수동,1518.5,36.799999,24.4,70.31547619,12.399999,16779,525,4196,21500
2021.03.12,상수동,1333.5,15.2,2.5,58.8452381,12.7,16779,525,4196,21500
2021.04.03,상수동,1416,22.6,6.2,54.98214286,16.4,16779,525,4196,21500
2021.04.10,상수동,1416,19.5,8.4,44.79166667,11.1,16779,525,4196,21500
2021.04.16,상수동,1437,20.200001,5.3,58.16071429,14.900001,16779,525,4196,21500
2021.05.25,상수동,1480,25.5,0,64.48214286,25.5,16779,525,4196,21500
2021.06.14,상수동,1531,31.4,18.700001,71.80952381,12.699999,16779,525,4196,21500
2021.07.04,상수동,1559.5,31.1,0,76.80952381,31.1,16779,525,4196,21500
2021.03.16,상수동,1335,16.200001,3.7,58.7202381,12.500001,16779,525,4196,21500
2021.06.01,상수동,1512,25.5,0,70.44642857,25.5,16779,525,4196,21500
2021.06.14,상수동,1531,31.4,18.700001,71.80952381,12.699999,16779,525,4196,21500
2021.07.01,상수동,1494.5,31.1,20.200001,73.78571429,10.899999,16779,525,4196,21500
2021.02.07,상수동,1332.5,9.8,-7.6,59.86309524,17.4,16779,525,4196,21500
2021.02.11,상수동,1332.5,9.9,-4.2,63.55357143,14.1,16779,525,4196,21500
2021.03.04,상수동,1342,14.1,0.5,60.74404762,13.6,16779,525,4196,21500
2021.06.10,상수동,1540.5,31.4,18,66.74404762,13.4,16779,525,4196,21500
2021.07.06,상수동,1559.5,31.1,0,75.32142857,31.1,16779,525,4196,21500
2021.08.05,상수동,1266,35.299999,25.700001,71.2797619,9.599998,16779,525,4196,21500
2021.05.25,당인동,1480,25.5,0,64.48214286,25.5,16779,525,4196,21500
2021.05.26,당인동,1487,24.9,0,65.27380952,24.9,16779,525,4196,21500
2021.05.27,당인동,1500,24.9,12.3,67.28571429,12.6,16779,525,4196,21500
2021.06.15,당인동,1532,31.4,18.700001,71.50595238,12.699999,16779,525,4196,21500
2021.06.24,당인동,1562.5,29.299999,0,70.82738095,29.299999,16779,525,4196,21500
2021.09.08,당인동,978,28.5,0,68.33333333,28.5,16779,525,4196,21500
2021.09.17,당인동,964.5,30,20.4,60.88095238,9.6,16779,525,4196,21500
2021.06.02,당인동,1512,30.6,0,71.75595238,30.6,16779,525,4196,21500
2021.03.04,서교동,1342,14.1,0.5,60.74404762,13.6,8816,71,1887,10774
2021.02.01,서교동,1331,9.2,-10.1,56.07142857,19.3,8816,71,1887,10774
2021.10.07,서교동,1059.7,29.6,0,75.32738095,29.6,8816,71,1887,10774
2021.02.22,서교동,1304.5,17.4,-9.4,54.05952381,26.8,8816,71,1887,10774
2021.04.16,서교동,1437,20.200001,5.3,58.16071429,14.900001,8816,71,1887,10774
2021.05.17,서교동,1517,29.1,0,69.10119048,29.1,8816,71,1887,10774
2021.05.24,서교동,1480,25.5,0,63.41666667,25.5,8816,71,1887,10774
2021.06.15,서교동,1532,31.4,18.700001,71.50595238,12.699999,8816,71,1887,10774
2021.07.07,서교동,1581.5,31.1,0,76.33928571,31.1,8816,71,1887,10774
2021.07.07,서교동,1581.5,31.1,0,76.33928571,31.1,8816,71,1887,10774
2021.07.20,서교동,1526,36.799999,24.4,70.91071429,12.399999,8816,71,1887,10774
2021.08.05,서교동,1266,35.299999,25.700001,71.2797619,9.599998,8816,71,1887,10774
2021.08.27,서교동,1009.5,29,21,82.375,8,8816,71,1887,10774
2021.08.27,서교동,1009.5,29,21,82.375,8,8816,71,1887,10774
2021.08.30,서교동,963,29,21.1,79.81547619,7.9,8816,71,1887,10774
2021.09.08,서교동,978,28.5,0,68.33333333,28.5,8816,71,1887,10774
2021.09.14,서교동,965,30,0,67.79761905,30,8816,71,1887,10774
2021.10.12,서교동,1071.2,26,13.4,77.125,12.6,8816,71,1887,10774
2021.10.12,서교동,1071.2,26,13.4,77.125,12.6,8816,71,1887,10774
2021.10.26,서교동,1082.7,18.6,0,60.41071429,18.6,8816,71,1887,10774
2021.11.15,서교동,1108.7,17,2.4,63.73809524,14.6,8816,71,1887,10774
2021.08.04,동교동,1269,35.299999,25.700001,71,9.599998,8816,71,1887,10774
2021.09.14,동교동,965,30,0,67.79761905,30,8816,71,1887,10774
2021.10.20,동교동,1082.2,24.1,0,57.19642857,24.1,8816,71,1887,10774
2021.03.06,동교동,1342,14.3,0.5,66.93452381,13.8,8816,71,1887,10774
2021.03.30,동교동,1361.5,19.200001,0,64.32142857,19.200001,8816,71,1887,10774
2021.04.14,동교동,1436.5,20.200001,5.3,53.6547619,14.900001,8816,71,1887,10774
2021.04.16,동교동,1437,20.200001,5.3,58.16071429,14.900001,8816,71,1887,10774
2021.04.19,동교동,1432,18.6,5.3,57.58333333,13.3,8816,71,1887,10774
2021.05.26,동교동,1487,24.9,0,65.27380952,24.9,8816,71,1887,10774
2021.07.12,동교동,1583,31.200001,0,77.56547619,31.200001,8816,71,1887,10774
2021.08.28,동교동,1001,29,21.1,81.20833333,7.9,8816,71,1887,10774
2021.08.28,동교동,1001,29,21.1,81.20833333,7.9,8816,71,1887,10774
2021.09.01,동교동,1056.5,29,19.1,78.21428571,9.9,8816,71,1887,10774
2021.09.01,동교동,1056.5,29,19.1,78.21428571,9.9,8816,71,1887,10774
2021.09.08,동교동,978,28.5,0,68.33333333,28.5,8816,71,1887,10774
2021.10.12,동교동,1071.2,26,13.4,77.125,12.6,8816,71,1887,10774
2021.11.09,동교동,1108.7,20.4,2.4,68.8452381,18,8816,71,1887,10774
2021.11.09,동교동,1108.7,20.4,2.4,68.8452381,18,8816,71,1887,10774
2021.11.24,동교동,1006.2,17.5,-1.7,66.7797619,19.2,8816,71,1887,10774
2021.11.30,동교동,1034.2,12.4,-1.3,56.16666667,13.7,8816,71,1887,10774
2021.06.16,서교동,1532,30.5,18.700001,71.21428571,11.799999,8816,71,1887,10774
2021.03.07,서교동,1342,14.3,0.5,68.08333333,13.8,8816,71,1887,10774
2021.04.04,서교동,1416,22.6,6.2,49.51785714,16.4,8816,71,1887,10774
2021.07.16,서교동,1544.5,36.799999,0,73.79166667,36.799999,8816,71,1887,10774
2021.07.16,서교동,1544.5,36.799999,0,73.79166667,36.799999,8816,71,1887,10774
2021.10.07,서교동,1059.7,29.6,0,75.32738095,29.6,8816,71,1887,10774
2021.11.15,서교동,1108.7,17,2.4,63.73809524,14.6,8816,71,1887,10774
2021.04.19,동교동,1432,18.6,5.3,57.58333333,13.3,8816,71,1887,10774
2021.12.27,동교동,1036.7,8.4,-14,52.80357143,22.4,8816,71,1887,10774
2021.05.17,동교동,1517,29.1,0,69.10119048,29.1,8816,71,1887,10774
2021.05.17,동교동,1517,29.1,0,69.10119048,29.1,8816,71,1887,10774
2021.06.14,동교동,1531,31.4,18.700001,71.80952381,12.699999,8816,71,1887,10774
2021.07.19,동교동,1518.5,36.799999,24.4,70.31547619,12.399999,8816,71,1887,10774
2021.07.27,동교동,1434,36.5,28.1,58.75,8.4,8816,71,1887,10774
2021.08.31,동교동,1055.5,29,19.1,79.75595238,9.9,8816,71,1887,10774
2021.09.17,동교동,964.5,30,20.4,60.88095238,9.6,8816,71,1887,10774
2021.10.05,동교동,1056.5,29.6,0,75.85119048,29.6,8816,71,1887,10774
2021.11.10,동교동,1108.7,20.4,2.4,67.58333333,18,8816,71,1887,10774
2021.11.13,동교동,1108.7,19.5,2.4,64.07142857,17.1,8816,71,1887,10774
2021.11.17,동교동,1108.7,17,3.8,60.55952381,13.2,8816,71,1887,10774
2021.11.24,동교동,1006.2,17.5,-1.7,66.7797619,19.2,8816,71,1887,10774
2021.12.10,동교동,1034.2,11.7,0.8,63.38095238,10.9,8816,71,1887,10774
2021.12.15,동교동,1034.7,11.3,-4.2,68.02380952,15.5,8816,71,1887,10774
2021.03.02,노고산동,1342,14.1,0.4,54.25595238,13.7,8816,71,1887,10774
2021.03.05,노고산동,1342,14.3,0.5,65.27380952,13.8,8816,71,1887,10774
2021.03.11,노고산동,1333.5,15.2,2.5,59.79166667,12.7,8816,71,1887,10774
2021.03.18,노고산동,1335,16.4,3.7,57.85119048,12.7,8816,71,1887,10774
2021.04.13,노고산동,1436.5,20.200001,5.3,50.45238095,14.900001,8816,71,1887,10774
2021.04.13,노고산동,1436.5,20.200001,5.3,50.45238095,14.900001,8816,71,1887,10774
2021.04.24,노고산동,1421,27.700001,8.2,47.97619048,19.500001,8816,71,1887,10774
2021.05.20,노고산동,1488.5,29.1,0,73.92261905,29.1,8816,71,1887,10774
2021.05.24,노고산동,1480,25.5,0,63.41666667,25.5,8816,71,1887,10774
2021.06.28,노고산동,1545,29.5,20.1,72,9.4,8816,71,1887,10774
2021.06.28,노고산동,1545,29.5,20.1,72,9.4,8816,71,1887,10774
2021.07.11,노고산동,1583,30.700001,22,78.17261905,8.700001,8816,71,1887,10774
2021.07.12,노고산동,1583,31.200001,0,77.56547619,31.200001,8816,71,1887,10774
2021.07.29,노고산동,1397.5,36.5,27.700001,61.29761905,8.799999,8816,71,1887,10774
2021.08.05,노고산동,1266,35.299999,25.700001,71.2797619,9.599998,8816,71,1887,10774
2021.08.27,노고산동,1009.5,29,21,82.375,8,8816,71,1887,10774
2021.08.27,노고산동,1009.5,29,21,82.375,8,8816,71,1887,10774
2021.09.09,노고산동,978,28.5,0,69.23214286,28.5,8816,71,1887,10774
2021.09.09,노고산동,978,28.5,0,69.23214286,28.5,8816,71,1887,10774
2021.09.09,노고산동,978,28.5,0,69.23214286,28.5,8816,71,1887,10774
2021.09.29,노고산동,1044,26.799999,0,70.06547619,26.799999,8816,71,1887,10774
2021.10.15,노고산동,1071.2,26,13.3,70.49404762,12.7,8816,71,1887,10774
2021.11.02,노고산동,1076.2,19.6,8.9,64.56547619,10.7,8816,71,1887,10774
2021.11.02,노고산동,1076.2,19.6,8.9,64.56547619,10.7,8816,71,1887,10774
2021.11.11,노고산동,1108.7,20.4,2.4,64.52380952,18,8816,71,1887,10774
2021.11.22,노고산동,1006.2,17.5,-1.7,66.07738095,19.2,8816,71,1887,10774
2021.12.03,노고산동,1034.2,12.4,-2.1,55.51190476,14.5,8816,71,1887,10774
2021.12.21,노고산동,1036.7,11.4,-8.9,63.66071429,20.3,8816,71,1887,10774
2021.03.25,노고산동,1339.5,19.1,0,61.77380952,19.1,8816,71,1887,10774
2021.04.06,중동,1695.3,23.9,6.1,48.42261905,17.8,13625,110,2972,16707
2021.05.03,중동,1752.8,20.1,6,67.99404762,14.1,13625,110,2972,16707
2021.06.25,중동,1794.3,28.9,0,71.54166667,28.9,13625,110,2972,16707
2021.12.14,중동,1136.5,11.7,-6.6,65.64285714,18.3,13625,110,2972,16707
2021.04.07,성산동,1695.3,23.9,6.1,49.14285714,17.8,20924,212,5078,26214
2021.08.09,성산동,1412.3,32.900002,20.799999,74.94642857,12.100003,20924,212,5078,26214
2021.08.29,성산동,1188,28,19.1,89.04761905,8.9,20924,212,5078,26214
2021.08.29,성산동,1188,28,19.1,89.04761905,8.9,20924,212,5078,26214
2021.10.12,성산동,1183,24.1,11.6,83.69642857,12.5,20924,212,5078,26214
2021.10.25,성산동,1192,17.299999,3.7,64.57142857,13.599999,20924,212,5078,26214
2021.03.15,성산동,1607.3,16.299999,1.5,60.63095238,14.799999,20924,212,5078,26214
2021.01.06,성산동,1633.8,0,-16.700001,47.13095238,16.700001,20924,212,5078,26214
2021.02.15,성산동,1590.8,14.6,-7.5,56.57142857,22.1,20924,212,5078,26214
2021.03.29,성산동,1641.3,19.1,0,66.20238095,19.1,20924,212,5078,26214
2021.03.29,성산동,1641.3,19.1,0,66.20238095,19.1,20924,212,5078,26214
2021.04.08,성산동,1695.3,21.799999,6.1,49.80952381,15.699999,20924,212,5078,26214
2021.06.15,성산동,1836.3,31.5,17.5,76.18452381,14,20924,212,5078,26214
2021.10.21,성산동,1192,20.799999,0,62.19047619,20.799999,20924,212,5078,26214
2021.02.09,성산동,1596.3,8.9,-7.7,58.76190476,16.6,20924,212,5078,26214
2021.05.03,성산동,1752.8,20.1,6,67.99404762,14.1,20924,212,5078,26214
2021.05.25,성산동,1782.8,26.9,0,68.75595238,26.9,20924,212,5078,26214
2021.01.25,성산동,1591.8,13.2,-7.4,57.74404762,20.6,20924,212,5078,26214
2021.01.25,성산동,1591.8,13.2,-7.4,57.74404762,20.6,20924,212,5078,26214
2021.02.01,성산동,1594.8,8.7,-11.5,54.35714286,20.2,20924,212,5078,26214
2021.02.01,성산동,1594.8,8.7,-11.5,54.35714286,20.2,20924,212,5078,26214
2021.02.08,성산동,1596.3,8.9,-10.2,57.68452381,19.1,20924,212,5078,26214
2021.02.17,성산동,1578.3,14.6,-10.5,50.69642857,25.1,20924,212,5078,26214
2021.02.19,성산동,1578.3,14.6,-10.5,50.73214286,25.1,20924,212,5078,26214
2021.02.22,성산동,1571.3,17,-10.5,51.19047619,27.5,20924,212,5078,26214
2021.03.02,성산동,1617.8,15.3,-0.9,50.57142857,16.2,20924,212,5078,26214
2021.03.08,성산동,1617.8,15.9,-0.9,61.30952381,16.8,20924,212,5078,26214
2021.03.08,성산동,1617.8,15.9,-0.9,61.30952381,16.8,20924,212,5078,26214
2021.03.08,성산동,1617.8,15.9,-0.9,61.30952381,16.8,20924,212,5078,26214
2021.03.09,성산동,1617.8,15.9,1.5,59.79761905,14.4,20924,212,5078,26214
2021.03.24,성산동,1612.3,19.299999,0,58.94642857,19.299999,20924,212,5078,26214
2021.03.25,성산동,1612.3,19.299999,0,62.70833333,19.299999,20924,212,5078,26214
2021.03.26,성산동,1612.3,19.1,0,61.89880952,19.1,20924,212,5078,26214
2021.03.29,성산동,1641.3,19.1,0,66.20238095,19.1,20924,212,5078,26214
2021.04.12,성산동,1722.8,21.6,6.5,48.04166667,15.1,20924,212,5078,26214
2021.05.07,성산동,1781.3,23.5,6,64.61904762,17.5,20924,212,5078,26214
2021.05.25,성산동,1782.8,26.9,0,68.75595238,26.9,20924,212,5078,26214
2021.06.03,성산동,1833.8,30,0,76.45833333,30,20924,212,5078,26214
2021.06.07,성산동,1833.8,30,0,72.77380952,30,20924,212,5078,26214
2021.06.11,성산동,1837.3,31.5,16.799999,73.58333333,14.700001,20924,212,5078,26214
2021.06.11,성산동,1837.3,31.5,16.799999,73.58333333,14.700001,20924,212,5078,26214
2021.06.11,성산동,1837.3,31.5,16.799999,73.58333333,14.700001,20924,212,5078,26214
2021.06.15,성산동,1836.3,31.5,17.5,76.18452381,14,20924,212,5078,26214
2021.06.20,성산동,1838.8,29.4,0,76.02380952,29.4,20924,212,5078,26214
2021.06.29,성산동,1859.8,30.299999,17.5,78.78571429,12.799999,20924,212,5078,26214
2021.06.29,성산동,1859.8,30.299999,17.5,78.78571429,12.799999,20924,212,5078,26214
2021.07.01,성산동,1781.8,30.299999,17.5,79.51785714,12.799999,20924,212,5078,26214
2021.07.19,성산동,1826.3,34.400002,21.700001,76.19642857,12.700001,20924,212,5078,26214
2021.07.23,성산동,1813.3,35.299999,22.6,73.05357143,12.699999,20924,212,5078,26214
2021.07.30,성산동,1663.8,35,24.299999,68.23809524,10.700001,20924,212,5078,26214
2021.08.06,성산동,1404.8,33.299999,21.4,80.61904762,11.899999,20924,212,5078,26214
2021.08.13,성산동,1206.8,32.900002,0,72.14880952,32.900002,20924,212,5078,26214
2021.08.18,성산동,1152.3,30.9,18.6,68.5,12.3,20924,212,5078,26214
2021.08.18,성산동,1152.3,30.9,18.6,68.5,12.3,20924,212,5078,26214
2021.08.27,성산동,1206,27.299999,19.1,90.02380952,8.199999,20924,212,5078,26214
2021.08.30,성산동,1131,28,19.1,87.75,8.9,20924,212,5078,26214
2021.09.08,성산동,1098,28.299999,0,72.4047619,28.299999,20924,212,5078,26214
2021.09.13,성산동,1078.5,29.6,0,77.41666667,29.6,20924,212,5078,26214
2021.09.21,성산동,1148.5,27.9,16.200001,68.57142857,11.699999,20924,212,5078,26214
2021.09.22,성산동,1148.5,27.4,15.6,71.25595238,11.8,20924,212,5078,26214
2021.09.24,성산동,1148.5,27.4,15.6,72.29166667,11.8,20924,212,5078,26214
2021.10.06,성산동,1165,28.4,0,79.57738095,28.4,20924,212,5078,26214
2021.10.06,성산동,1165,28.4,0,79.57738095,28.4,20924,212,5078,26214
2021.10.12,성산동,1183,24.1,11.6,83.69642857,12.5,20924,212,5078,26214
2021.03.29,성산동,1641.3,19.1,0,66.20238095,19.1,20924,212,5078,26214
2021.05.03,성산동,1752.8,20.1,6,67.99404762,14.1,20924,212,5078,26214
2021.05.17,성산동,1819.3,29.4,0,68.69047619,29.4,20924,212,5078,26214
2021.05.31,성산동,1818.3,25.799999,0,74.96428571,25.799999,20924,212,5078,26214
2021.06.01,성산동,1817.3,25.799999,0,75.85714286,25.799999,20924,212,5078,26214
2021.07.06,성산동,1853.8,30.5,0,79.49404762,30.5,20924,212,5078,26214
2021.08.19,성산동,1152.3,30.9,18.6,67.10714286,12.3,20924,212,5078,26214
2021.09.10,성산동,1089,29.6,0,76.51785714,29.6,20924,212,5078,26214
2021.10.25,성산동,1192,17.299999,3.7,64.57142857,13.599999,20924,212,5078,26214
2021.03.18,성산동,1607.3,16.9,1,57.06547619,15.9,20924,212,5078,26214
2021.04.19,성산동,1718.3,20,1.9,61,18.1,20924,212,5078,26214
2021.06.01,성산동,1817.3,25.799999,0,75.85714286,25.799999,20924,212,5078,26214
2021.01.05,성산동,1633.8,0,-12.9,46.49404762,12.9,20924,212,5078,26214
2021.02.19,성산동,1578.3,14.6,-10.5,50.73214286,25.1,20924,212,5078,26214
2021.03.02,성산동,1617.8,15.3,-0.9,50.57142857,16.2,20924,212,5078,26214
2021.03.24,성산동,1612.3,19.299999,0,58.94642857,19.299999,20924,212,5078,26214
2021.04.07,성산동,1695.3,23.9,6.1,49.14285714,17.8,20924,212,5078,26214
2021.04.19,성산동,1718.3,20,1.9,61,18.1,20924,212,5078,26214
2021.05.03,성산동,1752.8,20.1,6,67.99404762,14.1,20924,212,5078,26214
2021.06.01,성산동,1817.3,25.799999,0,75.85714286,25.799999,20924,212,5078,26214
2021.06.02,성산동,1817.3,30,0,76.94047619,30,20924,212,5078,26214
2021.06.03,성산동,1833.8,30,0,76.45833333,30,20924,212,5078,26214
2021.06.17,성산동,1837.3,29.9,17.5,76.78571429,12.4,20924,212,5078,26214
2021.07.12,성산동,1869.8,31.4,0,82.85714286,31.4,20924,212,5078,26214
2021.07.26,성산동,1713.3,35.299999,24,65.91071429,11.299999,20924,212,5078,26214
2021.08.10,성산동,1363.8,32.900002,0,73.64285714,32.900002,20924,212,5078,26214
2021.08.23,성산동,1203,30,18.6,78.14285714,11.4,20924,212,5078,26214
2021.09.06,성산동,1154,28.299999,16.9,71.75595238,11.399999,20924,212,5078,26214
2021.09.24,성산동,1148.5,27.4,15.6,72.29166667,11.8,20924,212,5078,26214
2021.09.27,성산동,1148.5,25.6,0,71.875,25.6,20924,212,5078,26214
2021.10.18,성산동,1192,23.6,0,63.875,23.6,20924,212,5078,26214
2021.11.22,성산동,1107,17.200001,-3.5,67.71428571,20.700001,20924,212,5078,26214
2021.06.15,성산동,1836.3,31.5,17.5,76.18452381,14,20924,212,5078,26214
2021.04.16,성산동,1723.3,21.6,1.9,59.27380952,19.7,20924,212,5078,26214
2021.05.12,성산동,1750.8,26.799999,8.2,52.48809524,18.599999,20924,212,5078,26214
2021.12.22,성산동,1138,10.3,-11.9,59,22.2,20924,212,5078,26214
2021.02.15,성산동,1590.8,14.6,-7.5,56.57142857,22.1,20924,212,5078,26214
2021.02.22,성산동,1571.3,17,-10.5,51.19047619,27.5,20924,212,5078,26214
2021.04.08,성산동,1695.3,21.799999,6.1,49.80952381,15.699999,20924,212,5078,26214
2021.06.10,성산동,1844.3,31.5,15.9,70.07738095,15.6,20924,212,5078,26214
2021.02.04,성산동,1597.3,8.7,-10.2,53.42857143,18.9,20924,212,5078,26214
2021.02.23,성산동,1571.3,17,-10.5,48.26785714,27.5,20924,212,5078,26214
2021.03.29,성산동,1641.3,19.1,0,66.20238095,19.1,20924,212,5078,26214
2021.03.29,성산동,1641.3,19.1,0,66.20238095,19.1,20924,212,5078,26214
2021.04.05,성산동,1695.3,23.9,6.1,46.03571429,17.8,20924,212,5078,26214
2021.04.20,성산동,1708.3,21.9,4.3,58.17261905,17.6,20924,212,5078,26214
2021.05.03,성산동,1752.8,20.1,6,67.99404762,14.1,20924,212,5078,26214
2021.05.06,성산동,1771.3,23.5,6,66.14880952,17.5,20924,212,5078,26214
2021.05.06,성산동,1771.3,23.5,6,66.14880952,17.5,20924,212,5078,26214
2021.06.08,성산동,1833.8,30,0,72.01785714,30,20924,212,5078,26214
2021.07.09,성산동,1870.8,29.9,19.1,85.625,10.8,20924,212,5078,26214
2021.09.07,성산동,1134,28.299999,16.9,72.29166667,11.399999,20924,212,5078,26214
2021.12.10,성산동,1134,11.7,-2,61.95238095,13.7,20924,212,5078,26214
2021.12.14,성산동,1136.5,11.7,-6.6,65.64285714,18.3,20924,212,5078,26214
2021.02.22,성산동,1571.3,17,-10.5,51.19047619,27.5,20924,212,5078,26214
2021.02.25,성산동,1561.8,17,-3.4,44.08333333,20.4,20924,212,5078,26214
2021.01.25,성산동,1591.8,13.2,-7.4,57.74404762,20.6,20924,212,5078,26214
2021.01.28,성산동,1592.8,13.2,-11.5,60.9702381,24.7,20924,212,5078,26214
2021.03.29,성산동,1641.3,19.1,0,66.20238095,19.1,20924,212,5078,26214
2021.04.14,성산동,1722.8,21.6,1.9,53.36904762,19.7,20924,212,5078,26214
2021.11.10,성산동,1207,20.5,-0.5,69.92857143,21,20924,212,5078,26214
2021.01.07,성산동,1618.8,0,-18.799999,45.63095238,18.799999,20924,212,5078,26214
2021.09.09,성산동,1098,29.6,0,73.08928571,29.6,20924,212,5078,26214
2021.01.14,성산동,1583.3,7.8,-17.4,55.74404762,25.2,20924,212,5078,26214
2021.01.30,성산동,1594.3,13.2,-11.5,54.28571429,24.7,20924,212,5078,26214
2021.02.05,성산동,1596.3,8.7,-10.2,58.06547619,18.9,20924,212,5078,26214
2021.02.16,성산동,1578.3,14.6,-10.4,55.88095238,25,20924,212,5078,26214
2021.02.25,성산동,1561.8,17,-3.4,44.08333333,20.4,20924,212,5078,26214
2021.03.06,성산동,1617.8,15.9,-0.9,65.81547619,16.8,20924,212,5078,26214
2021.03.11,성산동,1605.8,16.299999,1.5,57.5,14.799999,20924,212,5078,26214
2021.04.08,성산동,1695.3,21.799999,6.1,49.80952381,15.699999,20924,212,5078,26214
2021.05.07,성산동,1781.3,23.5,6,64.61904762,17.5,20924,212,5078,26214
2021.05.20,성산동,1789.3,29.4,0,74.9702381,29.4,20924,212,5078,26214
2021.05.24,성산동,1782.8,26.9,0,67.50595238,26.9,20924,212,5078,26214
2021.06.21,성산동,1838.8,28.9,0,74.55952381,28.9,20924,212,5078,26214
2021.06.30,성산동,1782.8,30.299999,17.5,80.04761905,12.799999,20924,212,5078,26214
2021.08.30,성산동,1131,28,19.1,87.75,8.9,20924,212,5078,26214
2021.09.07,성산동,1134,28.299999,16.9,72.29166667,11.399999,20924,212,5078,26214
2021.09.09,성산동,1098,29.6,0,73.08928571,29.6,20924,212,5078,26214
2021.09.09,성산동,1098,29.6,0,73.08928571,29.6,20924,212,5078,26214
2021.11.05,성산동,1179.5,19.200001,6.5,74.10119048,12.700001,20924,212,5078,26214
2021.11.12,성산동,1207,20.5,-0.5,66.9702381,21,20924,212,5078,26214
2021.12.03,성산동,1134,11.9,-5,55.70238095,16.9,20924,212,5078,26214
2021.12.06,성산동,1134,11.3,-5,55.05952381,16.3,20924,212,5078,26214
2021.12.06,성산동,1134,11.3,-5,55.05952381,16.3,20924,212,5078,26214
2021.12.07,성산동,1134,11.4,-5,55.07142857,16.4,20924,212,5078,26214
2021.12.08,성산동,1134,11.7,-2.7,56.46428571,14.4,20924,212,5078,26214
2021.12.14,성산동,1136.5,11.7,-6.6,65.64285714,18.3,20924,212,5078,26214
2021.12.16,성산동,1137,9.5,-6.6,68.39880952,16.1,20924,212,5078,26214
2021.12.20,성산동,1138,10.3,-11.9,68.10119048,22.2,20924,212,5078,26214
2021.12.23,성산동,1138,10.3,-11.9,57.63095238,22.2,20924,212,5078,26214
2021.01.26,성산동,1591.8,13.2,-2.1,64.98214286,15.3,20924,212,5078,26214
2021.02.03,성산동,1594.8,8.7,-11.5,53.26785714,20.2,20924,212,5078,26214
2021.02.22,성산동,1571.3,17,-10.5,51.19047619,27.5,20924,212,5078,26214
2021.03.06,성산동,1617.8,15.9,-0.9,65.81547619,16.8,20924,212,5078,26214
2021.04.30,성산동,1743.8,22.9,7.5,61.01785714,15.4,20924,212,5078,26214
2021.06.02,성산동,1817.3,30,0,76.94047619,30,20924,212,5078,26214
2021.06.24,성산동,1838.8,28.9,0,73.89285714,28.9,20924,212,5078,26214
2021.07.21,성산동,1825.8,34.400002,21.700001,75.58928571,12.700001,20924,212,5078,26214
2021.07.22,성산동,1819.3,34.799999,21.700001,74.06547619,13.099998,20924,212,5078,26214
2021.08.06,성산동,1404.8,33.299999,21.4,80.61904762,11.899999,20924,212,5078,26214
2021.08.29,성산동,1188,28,19.1,89.04761905,8.9,20924,212,5078,26214
2021.12.30,성산동,1137,5.9,-15.6,53.54166667,21.5,20924,212,5078,26214
2021.01.26,성산동,1591.8,13.2,-2.1,64.98214286,15.3,20924,212,5078,26214
2021.02.09,성산동,1596.3,8.9,-7.7,58.76190476,16.6,20924,212,5078,26214
2021.02.17,성산동,1578.3,14.6,-10.5,50.69642857,25.1,20924,212,5078,26214
2021.02.19,성산동,1578.3,14.6,-10.5,50.73214286,25.1,20924,212,5078,26214
2021.03.04,성산동,1617.8,15.3,-0.9,58.57738095,16.2,20924,212,5078,26214
2021.03.16,성산동,1607.3,16.299999,1,57.7797619,15.299999,20924,212,5078,26214
2021.03.19,성산동,1607.3,19.299999,1,54.16071429,18.299999,20924,212,5078,26214
2021.03.23,성산동,1612.3,19.299999,0.4,56.55952381,18.899999,20924,212,5078,26214
2021.03.23,성산동,1612.3,19.299999,0.4,56.55952381,18.899999,20924,212,5078,26214
2021.04.07,성산동,1695.3,23.9,6.1,49.14285714,17.8,20924,212,5078,26214
2021.04.09,성산동,1695.3,20.799999,6.1,50.13690476,14.699999,20924,212,5078,26214
2021.04.12,성산동,1722.8,21.6,6.5,48.04166667,15.1,20924,212,5078,26214
2021.04.13,성산동,1722.8,21.6,1.9,49.71428571,19.7,20924,212,5078,26214
2021.04.20,성산동,1708.3,21.9,4.3,58.17261905,17.6,20924,212,5078,26214
2021.05.17,성산동,1819.3,29.4,0,68.69047619,29.4,20924,212,5078,26214
2021.05.25,성산동,1782.8,26.9,0,68.75595238,26.9,20924,212,5078,26214
2021.07.07,성산동,1870.3,30.5,0,80.38690476,30.5,20924,212,5078,26214
2021.07.27,성산동,1712.3,35.299999,25.200001,63.50595238,10.099998,20924,212,5078,26214
2021.08.19,성산동,1152.3,30.9,18.6,67.10714286,12.3,20924,212,5078,26214
2021.08.27,성산동,1206,27.299999,19.1,90.02380952,8.199999,20924,212,5078,26214
2021.08.28,성산동,1197.5,28,19.1,88.5297619,8.9,20924,212,5078,26214
2021.08.30,성산동,1131,28,19.1,87.75,8.9,20924,212,5078,26214
2021.08.30,성산동,1131,28,19.1,87.75,8.9,20924,212,5078,26214
2021.09.03,성산동,1133.5,28.299999,17.5,79.04166667,10.799999,20924,212,5078,26214
2021.09.03,성산동,1133.5,28.299999,17.5,79.04166667,10.799999,20924,212,5078,26214
2021.09.04,성산동,1131.5,28.299999,17.5,75.26190476,10.799999,20924,212,5078,26214
2021.09.10,성산동,1089,29.6,0,76.51785714,29.6,20924,212,5078,26214
2021.09.16,성산동,1078.5,29.4,16.799999,67.19642857,12.600001,20924,212,5078,26214
2021.10.12,성산동,1183,24.1,11.6,83.69642857,12.5,20924,212,5078,26214
2021.10.12,성산동,1183,24.1,11.6,83.69642857,12.5,20924,212,5078,26214
2021.10.12,성산동,1183,24.1,11.6,83.69642857,12.5,20924,212,5078,26214
2021.10.27,성산동,1192,18.4,4.5,64.18452381,13.9,20924,212,5078,26214
2021.10.27,성산동,1192,18.4,4.5,64.18452381,13.9,20924,212,5078,26214
2021.11.05,성산동,1179.5,19.200001,6.5,74.10119048,12.700001,20924,212,5078,26214
2021.11.11,성산동,1207,20.5,-0.5,67.22619048,21,20924,212,5078,26214
2021.11.16,성산동,1207,16.6,0,65.49404762,16.6,20924,212,5078,26214
2021.11.17,성산동,1207,16.6,0,63.19047619,16.6,20924,212,5078,26214
2021.11.22,성산동,1107,17.200001,-3.5,67.71428571,20.700001,20924,212,5078,26214
2021.11.22,성산동,1107,17.200001,-3.5,67.71428571,20.700001,20924,212,5078,26214
2021.12.27,성산동,1138,7.9,-15.6,51.14880952,23.5,20924,212,5078,26214
2021.04.14,중동,1722.8,21.6,1.9,53.36904762,19.7,20924,212,5078,26214
2021.02.26,성산동,1555.3,17,-3.4,38.83928571,20.4,20924,212,5078,26214
2021.02.26,성산동,1555.3,17,-3.4,38.83928571,20.4,20924,212,5078,26214
2021.06.26,성산동,1790.3,28.9,17.5,72.92857143,11.4,20924,212,5078,26214
2021.09.22,성산동,1148.5,27.4,15.6,71.25595238,11.8,20924,212,5078,26214
2021.02.09,성산동,1596.3,8.9,-7.7,58.76190476,16.6,20924,212,5078,26214
2021.02.17,성산동,1578.3,14.6,-10.5,50.69642857,25.1,20924,212,5078,26214
2021.03.26,성산동,1612.3,19.1,0,61.89880952,19.1,20924,212,5078,26214
2021.04.08,성산동,1695.3,21.799999,6.1,49.80952381,15.699999,20924,212,5078,26214
2021.11.17,성산동,1207,16.6,0,63.19047619,16.6,20924,212,5078,26214
2021.11.23,성산동,1107,17.200001,-3.5,67.38690476,20.700001,20924,212,5078,26214
2021.12.31,성산동,1137,5.9,-15.6,50.57738095,21.5,20924,212,5078,26214
2021.03.11,성산동,1605.8,16.299999,1.5,57.5,14.799999,20924,212,5078,26214
2021.03.18,성산동,1607.3,16.9,1,57.06547619,15.9,20924,212,5078,26214
2021.03.21,성산동,1612.3,19.299999,0.4,55.29166667,18.899999,20924,212,5078,26214
2021.05.24,성산동,1782.8,26.9,0,67.50595238,26.9,20924,212,5078,26214
2021.10.25,성산동,1192,17.299999,3.7,64.57142857,13.599999,20924,212,5078,26214
2021.06.14,성산동,1835.8,31.5,17.5,75.55357143,14,20924,212,5078,26214
2021.06.23,성산동,1838.8,28.9,0,75.2797619,28.9,20924,212,5078,26214
2021.12.15,성산동,1137,9.6,-6.6,68.76785714,16.2,20924,212,5078,26214
2021.03.01,성산동,1617.8,15.3,-3.4,44.23214286,18.7,20924,212,5078,26214
2021.04.04,성산동,1695.3,23.9,3.6,47.70238095,20.3,20924,212,5078,26214
2021.04.22,성산동,1707.8,27.700001,4.3,52.93452381,23.400001,20924,212,5078,26214
2021.04.22,성산동,1707.8,27.700001,4.3,52.93452381,23.400001,20924,212,5078,26214
2021.05.31,성산동,1818.3,25.799999,0,74.96428571,25.799999,20924,212,5078,26214
2021.07.15,성산동,1806.8,34,0,80.06547619,34,20924,212,5078,26214
2021.07.15,성산동,1806.8,34,0,80.06547619,34,20924,212,5078,26214
2021.08.03,성산동,1549.8,33.900002,23.299999,81.01785714,10.600003,20924,212,5078,26214
2021.09.16,성산동,1078.5,29.4,16.799999,67.19642857,12.600001,20924,212,5078,26214
2021.09.16,성산동,1078.5,29.4,16.799999,67.19642857,12.600001,20924,212,5078,26214
2021.09.22,성산동,1148.5,27.4,15.6,71.25595238,11.8,20924,212,5078,26214
2021.09.23,성산동,1148.5,27.4,15.6,72.14285714,11.8,20924,212,5078,26214
2021.11.22,성산동,1107,17.200001,-3.5,67.71428571,20.700001,20924,212,5078,26214
2021.11.25,성산동,1107,17.200001,-3.5,64.0952381,20.700001,20924,212,5078,26214
2021.11.25,성산동,1107,17.200001,-3.5,64.0952381,20.700001,20924,212,5078,26214
2021.12.15,성산동,1137,9.6,-6.6,68.76785714,16.2,20924,212,5078,26214
2021.06.03,성산동,1833.8,30,0,76.45833333,30,20924,212,5078,26214
2021.07.15,성산동,1806.8,34,0,80.06547619,34,20924,212,5078,26214
2021.07.15,성산동,1806.8,34,0,80.06547619,34,20924,212,5078,26214
2021.09.02,성산동,1203.5,28,17.5,84.41666667,10.5,20924,212,5078,26214
2021.09.12,성산동,1080.5,29.6,0,79.0297619,29.6,20924,212,5078,26214
2021.12.29,성산동,1137,7.3,-15.6,55.01190476,22.9,20924,212,5078,26214
2021.05.31,성산동,1818.3,25.799999,0,74.96428571,25.799999,20924,212,5078,26214
2021.02.03,성산동,1594.8,8.7,-11.5,53.26785714,20.2,20924,212,5078,26214
2021.03.06,성산동,1617.8,15.9,-0.9,65.81547619,16.8,20924,212,5078,26214
2021.06.22,성산동,1838.8,28.9,0,73.13095238,28.9,20924,212,5078,26214
2021.09.30,성산동,1164.5,25.6,0,76.01190476,25.6,20924,212,5078,26214
2021.01.11,성산동,1581.8,-3.3,-18.799999,49.11904762,15.499999,20924,212,5078,26214
2021.02.11,성산동,1596.3,9.9,-6.3,62.99404762,16.2,20924,212,5078,26214
2021.03.06,성산동,1617.8,15.9,-0.9,65.81547619,16.8,20924,212,5078,26214
2021.03.29,성산동,1641.3,19.1,0,66.20238095,19.1,20924,212,5078,26214
2021.03.31,성산동,1641.3,22.299999,3.6,59.2202381,18.699999,20924,212,5078,26214
2021.04.04,성산동,1695.3,23.9,3.6,47.70238095,20.3,20924,212,5078,26214
2021.04.22,성산동,1707.8,27.700001,4.3,52.93452381,23.400001,20924,212,5078,26214
2021.04.22,성산동,1707.8,27.700001,4.3,52.93452381,23.400001,20924,212,5078,26214
2021.05.18,성산동,1819.3,29.4,0,73.38690476,29.4,20924,212,5078,26214
2021.05.19,성산동,1786.3,29.4,0,73.0297619,29.4,20924,212,5078,26214
2021.05.19,성산동,1786.3,29.4,0,73.0297619,29.4,20924,212,5078,26214
2021.05.31,성산동,1818.3,25.799999,0,74.96428571,25.799999,20924,212,5078,26214
2021.07.26,성산동,1713.3,35.299999,24,65.91071429,11.299999,20924,212,5078,26214
2021.09.01,성산동,1204.5,28,17.5,86.49404762,10.5,20924,212,5078,26214
2021.09.09,성산동,1098,29.6,0,73.08928571,29.6,20924,212,5078,26214
2021.02.16,성산동,1578.3,14.6,-10.4,55.88095238,25,20924,212,5078,26214
2021.03.04,성산동,1617.8,15.3,-0.9,58.57738095,16.2,20924,212,5078,26214
2021.03.16,성산동,1607.3,16.299999,1,57.7797619,15.299999,20924,212,5078,26214
2021.03.10,성산동,1612.3,16.200001,1.5,60.61904762,14.700001,20924,212,5078,26214
2021.03.10,성산동,1612.3,16.200001,1.5,60.61904762,14.700001,20924,212,5078,26214
2021.01.27,성산동,1592.8,13.2,-2.1,66.23809524,15.3,20924,212,5078,26214
2021.03.23,성산동,1612.3,19.299999,0.4,56.55952381,18.899999,20924,212,5078,26214
2021.07.19,성산동,1826.3,34.400002,21.700001,76.19642857,12.700001,20924,212,5078,26214
2021.01.26,성산동,1591.8,13.2,-2.1,64.98214286,15.3,20924,212,5078,26214
2021.01.27,성산동,1592.8,13.2,-2.1,66.23809524,15.3,20924,212,5078,26214
2021.01.29,성산동,1594.3,13.2,-11.5,54.17857143,24.7,20924,212,5078,26214
2021.03.05,성산동,1617.8,15.9,-0.9,63.82142857,16.8,20924,212,5078,26214
2021.03.09,성산동,1617.8,15.9,1.5,59.79761905,14.4,20924,212,5078,26214
2021.04.04,성산동,1695.3,23.9,3.6,47.70238095,20.3,20924,212,5078,26214
2021.06.26,성산동,1790.3,28.9,17.5,72.92857143,11.4,20924,212,5078,26214
2021.07.22,성산동,1819.3,34.799999,21.700001,74.06547619,13.099998,20924,212,5078,26214
2021.08.24,성산동,1210.5,30,19.4,80.29166667,10.6,20924,212,5078,26214
2021.08.24,성산동,1210.5,30,19.4,80.29166667,10.6,20924,212,5078,26214
2021.09.12,성산동,1080.5,29.6,0,79.0297619,29.6,20924,212,5078,26214
2021.09.17,성산동,1078,29.4,16.799999,65.17857143,12.600001,20924,212,5078,26214
2021.10.15,성산동,1183,24.1,11.6,76.94047619,12.5,20924,212,5078,26214
2021.11.04,성산동,1179.5,19.1,6.5,73.63690476,12.6,20924,212,5078,26214
2021.12.03,성산동,1134,11.9,-5,55.70238095,16.9,20924,212,5078,26214
2021.12.30,성산동,1137,5.9,-15.6,53.54166667,21.5,20924,212,5078,26214
2021.01.26,성산동,1591.8,13.2,-2.1,64.98214286,15.3,20924,212,5078,26214
2021.03.19,성산동,1607.3,19.299999,1,54.16071429,18.299999,20924,212,5078,26214
2021.03.29,성산동,1641.3,19.1,0,66.20238095,19.1,20924,212,5078,26214
2021.04.04,성산동,1695.3,23.9,3.6,47.70238095,20.3,20924,212,5078,26214
2021.05.03,성산동,1752.8,20.1,6,67.99404762,14.1,20924,212,5078,26214
2021.05.20,성산동,1789.3,29.4,0,74.9702381,29.4,20924,212,5078,26214
2021.06.26,성산동,1790.3,28.9,17.5,72.92857143,11.4,20924,212,5078,26214
2021.10.03,성산동,1155.5,28.4,15.4,78.79166667,13,20924,212,5078,26214
2021.10.18,성산동,1192,23.6,0,63.875,23.6,20924,212,5078,26214
2021.11.23,성산동,1107,17.200001,-3.5,67.38690476,20.700001,20924,212,5078,26214
2021.12.04,성산동,1134,11.9,-5,55.01190476,16.9,20924,212,5078,26214
2021.12.22,성산동,1138,10.3,-11.9,59,22.2,20924,212,5078,26214
2021.12.30,성산동,1137,5.9,-15.6,53.54166667,21.5,20924,212,5078,26214
2021.12.30,성산동,1137,5.9,-15.6,53.54166667,21.5,20924,212,5078,26214
2021.01.06,성산동,1633.8,0,-16.700001,47.13095238,16.700001,20924,212,5078,26214
2021.01.06,성산동,1633.8,0,-16.700001,47.13095238,16.700001,20924,212,5078,26214
2021.02.01,성산동,1594.8,8.7,-11.5,54.35714286,20.2,20924,212,5078,26214
2021.02.09,성산동,1596.3,8.9,-7.7,58.76190476,16.6,20924,212,5078,26214
2021.02.17,성산동,1578.3,14.6,-10.5,50.69642857,25.1,20924,212,5078,26214
2021.03.04,성산동,1617.8,15.3,-0.9,58.57738095,16.2,20924,212,5078,26214
2021.03.16,성산동,1607.3,16.299999,1,57.7797619,15.299999,20924,212,5078,26214
2021.03.16,성산동,1607.3,16.299999,1,57.7797619,15.299999,20924,212,5078,26214
2021.07.11,성산동,1869.8,29.9,19.9,83.7797619,10,20924,212,5078,26214
2021.09.09,성산동,1098,29.6,0,73.08928571,29.6,20924,212,5078,26214
2021.09.09,성산동,1098,29.6,0,73.08928571,29.6,20924,212,5078,26214
2021.09.21,성산동,1148.5,27.9,16.200001,68.57142857,11.699999,20924,212,5078,26214
2021.09.23,성산동,1148.5,27.4,15.6,72.14285714,11.8,20924,212,5078,26214
2021.09.30,성산동,1164.5,25.6,0,76.01190476,25.6,20924,212,5078,26214
2021.11.16,성산동,1207,16.6,0,65.49404762,16.6,20924,212,5078,26214
2021.11.16,성산동,1207,16.6,0,65.49404762,16.6,20924,212,5078,26214
2021.11.16,성산동,1207,16.6,0,65.49404762,16.6,20924,212,5078,26214
2021.11.22,성산동,1107,17.200001,-3.5,67.71428571,20.700001,20924,212,5078,26214
2021.12.07,성산동,1134,11.4,-5,55.07142857,16.4,20924,212,5078,26214
2021.12.18,성산동,1138,9.5,-11.9,59.85119048,21.4,20924,212,5078,26214
2021.12.18,성산동,1138,9.5,-11.9,59.85119048,21.4,20924,212,5078,26214
2021.05.07,현석동,1484,23.5,8.2,60.73214286,15.3,12196,231,2875,15302
2021.05.10,현석동,1463.5,23.5,10.6,58.55357143,12.9,12196,231,2875,15302
2021.05.18,현석동,1517,29.1,0,72.88095238,29.1,12196,231,2875,15302
2021.07.23,현석동,1507,36.099998,24.4,66.2202381,11.699998,12196,231,2875,15302
2021.08.31,현석동,1055.5,29,19.1,79.75595238,9.9,12196,231,2875,15302
2021.10.12,현석동,1071.2,26,13.4,77.125,12.6,12196,231,2875,15302
2021.03.18,신수동,1335,16.4,3.7,57.85119048,12.7,12196,231,2875,15302
2021.04.06,신수동,1416,22.6,8.5,49.76785714,14.1,12196,231,2875,15302
2021.06.02,신수동,1512,30.6,0,71.75595238,30.6,12196,231,2875,15302
2021.09.03,신수동,994.5,28.799999,19.1,72.77380952,9.699999,12196,231,2875,15302
2021.09.13,신수동,965,30,0,73.30357143,30,12196,231,2875,15302
2021.12.06,신수동,1034.2,10.9,-2.1,54.0297619,13,12196,231,2875,15302
2021.04.09,신수동,1416,19.5,8.4,49.98214286,11.1,12196,231,2875,15302
2021.03.11,신수동,1333.5,15.2,2.5,59.79166667,12.7,12196,231,2875,15302
2021.03.23,신수동,1339.5,19.1,3.4,57.52380952,15.7,12196,231,2875,15302
2021.03.23,신수동,1339.5,19.1,3.4,57.52380952,15.7,12196,231,2875,15302
2021.05.10,신수동,1463.5,23.5,10.6,58.55357143,12.9,12196,231,2875,15302
2021.08.30,신수동,963,29,21.1,79.81547619,7.9,12196,231,2875,15302
2021.01.12,신수동,1315,0.6,-17.1,57.05952381,17.7,12196,231,2875,15302
2021.02.02,신수동,1331,9.2,-10.1,51.95833333,19.3,12196,231,2875,15302
2021.02.15,신수동,1323.5,13.8,-4.7,60.92857143,18.5,12196,231,2875,15302
2021.03.04,신수동,1342,14.1,0.5,60.74404762,13.6,12196,231,2875,15302
2021.03.25,신수동,1339.5,19.1,0,61.77380952,19.1,12196,231,2875,15302
2021.03.29,신수동,1361.5,19.200001,0,66.52380952,19.200001,12196,231,2875,15302
2021.04.06,신수동,1416,22.6,8.5,49.76785714,14.1,12196,231,2875,15302
2021.04.09,신수동,1416,19.5,8.4,49.98214286,11.1,12196,231,2875,15302
2021.04.16,신수동,1437,20.200001,5.3,58.16071429,14.900001,12196,231,2875,15302
2021.05.12,신수동,1459,26.200001,10.6,51.00595238,15.600001,12196,231,2875,15302
2021.05.18,신수동,1517,29.1,0,72.88095238,29.1,12196,231,2875,15302
2021.05.24,신수동,1480,25.5,0,63.41666667,25.5,12196,231,2875,15302
2021.06.02,신수동,1512,30.6,0,71.75595238,30.6,12196,231,2875,15302
2021.06.08,신수동,1529.5,30.6,0,68.08928571,30.6,12196,231,2875,15302
2021.06.15,신수동,1532,31.4,18.700001,71.50595238,12.699999,12196,231,2875,15302
2021.09.13,신수동,965,30,0,73.30357143,30,12196,231,2875,15302
2021.11.24,신수동,1006.2,17.5,-1.7,66.7797619,19.2,12196,231,2875,15302
2021.08.23,신수동,1006,30.9,21,71.63095238,9.9,12196,231,2875,15302
2021.05.10,현석동,1463.5,23.5,10.6,58.55357143,12.9,12196,231,2875,15302
2021.05.25,현석동,1480,25.5,0,64.48214286,25.5,12196,231,2875,15302
2021.05.27,현석동,1500,24.9,12.3,67.28571429,12.6,12196,231,2875,15302
2021.09.01,현석동,1056.5,29,19.1,78.21428571,9.9,12196,231,2875,15302
2021.10.02,현석동,1054.5,27.1,17.6,74.29761905,9.5,12196,231,2875,15302
2021.09.14,신정동,965,30,0,67.79761905,30,12196,231,2875,15302
2021.06.29,신정동,1550.5,29.5,20.200001,73.54166667,9.299999,12196,231,2875,15302
2021.08.25,신정동,1013,30.200001,21,77.4702381,9.200001,12196,231,2875,15302
2021.03.06,신수동,1342,14.3,0.5,66.93452381,13.8,12196,231,2875,15302
2021.05.19,신수동,1484.5,29.1,0,72.43452381,29.1,12196,231,2875,15302
2021.11.05,신수동,1075.7,19.9,9,71.39880952,10.9,12196,231,2875,15302
2021.04.05,신수동,1416,22.6,7.7,48.22619048,14.9,12196,231,2875,15302
2021.12.14,신수동,1034.7,11.7,-4.2,65.60119048,15.9,12196,231,2875,15302
2021.03.29,신수동,1361.5,19.200001,0,66.52380952,19.200001,12196,231,2875,15302
2021.01.27,신수동,1328.5,13,0.5,68.7797619,12.5,12196,231,2875,15302
2021.02.13,신수동,1323,13,-4.2,58.1547619,17.2,12196,231,2875,15302
2021.02.23,신수동,1304.5,17.4,-9.2,51.16666667,26.6,12196,231,2875,15302
2021.02.26,신수동,1290.5,17.4,-1.8,44.44642857,19.2,12196,231,2875,15302
2021.03.02,신수동,1342,14.1,0.4,54.25595238,13.7,12196,231,2875,15302
2021.03.03,신수동,1342,14.1,0.4,57.02380952,13.7,12196,231,2875,15302
2021.03.04,신수동,1342,14.1,0.5,60.74404762,13.6,12196,231,2875,15302
2021.03.22,신수동,1339.5,19.1,3.4,55.64880952,15.7,12196,231,2875,15302
2021.07.16,신수동,1544.5,36.799999,0,73.79166667,36.799999,12196,231,2875,15302
2021.07.16,신수동,1544.5,36.799999,0,73.79166667,36.799999,12196,231,2875,15302
2021.10.29,신수동,1082.7,19.299999,8.9,59.57142857,10.399999,12196,231,2875,15302
2021.11.05,신수동,1075.7,19.9,9,71.39880952,10.9,12196,231,2875,15302
2021.12.28,신수동,1035.7,7.3,-14,55.35714286,21.3,12196,231,2875,15302
2021.12.28,신수동,1035.7,7.3,-14,55.35714286,21.3,12196,231,2875,15302
2021.11.29,구수동,1025.7,12.4,-0.2,54.7202381,12.6,12196,231,2875,15302
2021.04.13,구수동,1436.5,20.200001,5.3,50.45238095,14.900001,12196,231,2875,15302
2021.03.19,아현동,1335,19.1,3.7,55.45238095,15.4,6413,52,1710,8175
2021.02.01,아현동,1331,9.2,-10.1,56.07142857,19.3,6413,52,1710,8175
2021.02.15,아현동,1323.5,13.8,-4.7,60.92857143,18.5,6413,52,1710,8175
2021.03.04,아현동,1342,14.1,0.5,60.74404762,13.6,6413,52,1710,8175
2021.03.24,아현동,1339.5,19.1,0,59.00595238,19.1,6413,52,1710,8175
2021.06.07,아현동,1529.5,30.6,0,68.24404762,30.6,6413,52,1710,8175
2021.08.28,아현동,1001,29,21.1,81.20833333,7.9,6413,52,1710,8175
2021.09.08,아현동,978,28.5,0,68.33333333,28.5,6413,52,1710,8175
2021.10.18,아현동,1082.2,24.1,2.3,59.11904762,21.8,6413,52,1710,8175
2021.10.20,아현동,1082.2,24.1,0,57.19642857,24.1,6413,52,1710,8175
2021.11.10,아현동,1108.7,20.4,2.4,67.58333333,18,6413,52,1710,8175
2021.11.19,아현동,1006.2,17.5,5,67.71428571,12.5,6413,52,1710,8175
2021.02.12,아현동,1332.5,11.9,-4.2,62.375,16.1,6413,52,1710,8175
2021.09.08,아현동,978,28.5,0,68.33333333,28.5,6413,52,1710,8175
2021.08.28,아현동,1001,29,21.1,81.20833333,7.9,6413,52,1710,8175
2021.09.08,아현동,978,28.5,0,68.33333333,28.5,6413,52,1710,8175
2021.10.05,아현동,1056.5,29.6,0,75.85119048,29.6,6413,52,1710,8175
2021.10.08,아현동,1062.2,29.6,0,77.2797619,29.6,6413,52,1710,8175
2021.10.20,아현동,1082.2,24.1,0,57.19642857,24.1,6413,52,1710,8175
2021.12.23,아현동,1036.7,11.4,-8.9,58.51785714,20.3,6413,52,1710,8175
2021.01.21,아현동,1317,10.8,-10.1,56.89880952,20.9,6413,52,1710,8175
2021.02.15,아현동,1323.5,13.8,-4.7,60.92857143,18.5,6413,52,1710,8175
2021.03.05,아현동,1342,14.3,0.5,65.27380952,13.8,6413,52,1710,8175
2021.03.17,아현동,1335,16.200001,3.7,56.9047619,12.500001,6413,52,1710,8175
2021.03.17,아현동,1335,16.200001,3.7,56.9047619,12.500001,6413,52,1710,8175
2021.03.18,아현동,1335,16.4,3.7,57.85119048,12.7,6413,52,1710,8175
2021.04.05,아현동,1416,22.6,7.7,48.22619048,14.9,6413,52,1710,8175
2021.05.03,아현동,1456.5,19.9,8.2,62.2797619,11.7,6413,52,1710,8175
2021.05.28,아현동,1500.5,24.9,12.3,66.6547619,12.6,6413,52,1710,8175
2021.05.31,아현동,1512.5,25.5,0,69.7797619,25.5,6413,52,1710,8175
2021.06.07,아현동,1529.5,30.6,0,68.24404762,30.6,6413,52,1710,8175
2021.06.25,아현동,1542,29.299999,0,68.4702381,29.299999,6413,52,1710,8175
2021.09.06,아현동,1016,28.5,18.799999,67.07142857,9.700001,6413,52,1710,8175
2021.09.10,아현동,974,29.4,0,72.28571429,29.4,6413,52,1710,8175
2021.01.14,아현동,1317,8.6,-14.9,58.30952381,23.5,6413,52,1710,8175
2021.03.03,아현동,1342,14.1,0.4,57.02380952,13.7,6413,52,1710,8175
2021.03.17,아현동,1335,16.200001,3.7,56.9047619,12.500001,6413,52,1710,8175
2021.03.30,아현동,1361.5,19.200001,0,64.32142857,19.200001,6413,52,1710,8175
2021.04.07,아현동,1416,22.6,8.5,49.5952381,14.1,6413,52,1710,8175
2021.07.20,아현동,1526,36.799999,24.4,70.91071429,12.399999,6413,52,1710,8175
2021.01.18,아현동,1317,10.8,-10.1,62.26190476,20.9,6413,52,1710,8175
2021.01.29,아현동,1330.5,13,-10.1,56.52380952,23.1,6413,52,1710,8175
2021.02.03,아현동,1331,9.2,-10.1,55.16071429,19.3,6413,52,1710,8175
2021.03.07,아현동,1342,14.3,0.5,68.08333333,13.8,6413,52,1710,8175
2021.03.08,아현동,1342,14.3,1.4,63.07738095,12.9,6413,52,1710,8175
2021.03.17,아현동,1335,16.200001,3.7,56.9047619,12.500001,6413,52,1710,8175
2021.04.05,아현동,1416,22.6,7.7,48.22619048,14.9,6413,52,1710,8175
2021.04.26,아현동,1421,27.700001,11.5,44.24404762,16.200001,6413,52,1710,8175
2021.03.12,아현동,1333.5,15.2,2.5,58.8452381,12.7,6413,52,1710,8175
2021.03.24,아현동,1339.5,19.1,0,59.00595238,19.1,6413,52,1710,8175
2021.05.30,아현동,1511,25.5,0,69.13095238,25.5,6413,52,1710,8175
2021.06.30,아현동,1495.5,29.5,20.200001,74.0297619,9.299999,6413,52,1710,8175
2021.10.12,아현동,1071.2,26,13.4,77.125,12.6,6413,52,1710,8175
2021.10.18,아현동,1082.2,24.1,2.3,59.11904762,21.8,6413,52,1710,8175
2021.10.20,아현동,1082.2,24.1,0,57.19642857,24.1,6413,52,1710,8175
2021.11.10,아현동,1108.7,20.4,2.4,67.58333333,18,6413,52,1710,8175
2021.04.15,아현동,1436.5,20.200001,5.3,55.86309524,14.900001,6413,52,1710,8175
2021.07.05,아현동,1559.5,31.1,0,76.57738095,31.1,6413,52,1710,8175
2021.07.13,아현동,1566.5,32.400002,0,77.875,32.400002,6413,52,1710,8175
2021.10.29,아현동,1082.7,19.299999,8.9,59.57142857,10.399999,6413,52,1710,8175
2021.08.19,아현동,982,32.099998,21.1,61.95833333,10.999998,6413,52,1710,8175
2021.09.29,아현동,1044,26.799999,0,70.06547619,26.799999,6413,52,1710,8175
2021.09.29,아현동,1044,26.799999,0,70.06547619,26.799999,6413,52,1710,8175
2021.10.08,아현동,1062.2,29.6,0,77.2797619,29.6,6413,52,1710,8175
2021.03.05,아현동,1342,14.3,0.5,65.27380952,13.8,6413,52,1710,8175
2021.03.17,아현동,1335,16.200001,3.7,56.9047619,12.500001,6413,52,1710,8175
2021.03.17,아현동,1335,16.200001,3.7,56.9047619,12.500001,6413,52,1710,8175
2021.04.05,아현동,1416,22.6,7.7,48.22619048,14.9,6413,52,1710,8175
2021.04.26,아현동,1421,27.700001,11.5,44.24404762,16.200001,6413,52,1710,8175
2021.04.29,아현동,1450.5,22.299999,8.4,51.82738095,13.899999,6413,52,1710,8175
2021.04.30,아현동,1450.5,22.299999,8.4,57.29166667,13.899999,6413,52,1710,8175
2021.04.30,아현동,1450.5,22.299999,8.4,57.29166667,13.899999,6413,52,1710,8175
2021.06.11,아현동,1532.5,31.4,18.9,70.51785714,12.5,6413,52,1710,8175
2021.07.20,아현동,1526,36.799999,24.4,70.91071429,12.399999,6413,52,1710,8175
2021.10.21,아현동,1082.2,21.6,0,55.3452381,21.6,6413,52,1710,8175
2021.11.05,아현동,1075.7,19.9,9,71.39880952,10.9,6413,52,1710,8175
2021.01.05,아현동,1362,0.3,-11.7,47.24404762,12,6413,52,1710,8175
2021.02.01,아현동,1331,9.2,-10.1,56.07142857,19.3,6413,52,1710,8175
2021.03.12,아현동,1333.5,15.2,2.5,58.8452381,12.7,6413,52,1710,8175
2021.03.17,아현동,1335,16.200001,3.7,56.9047619,12.500001,6413,52,1710,8175
2021.04.07,아현동,1416,22.6,8.5,49.5952381,14.1,6413,52,1710,8175
2021.07.20,아현동,1526,36.799999,24.4,70.91071429,12.399999,6413,52,1710,8175
2021.08.23,아현동,1006,30.9,21,71.63095238,9.9,6413,52,1710,8175
2021.03.05,아현동,1342,14.3,0.5,65.27380952,13.8,6413,52,1710,8175
2021.04.05,아현동,1416,22.6,7.7,48.22619048,14.9,6413,52,1710,8175
2021.06.11,아현동,1532.5,31.4,18.9,70.51785714,12.5,6413,52,1710,8175
2021.06.30,아현동,1495.5,29.5,20.200001,74.0297619,9.299999,6413,52,1710,8175
2021.12.23,아현동,1036.7,11.4,-8.9,58.51785714,20.3,6413,52,1710,8175
2021.02.10,연남동,1596.3,8.9,-6.3,60.68452381,15.2,5944,30,1141,7115
2021.03.04,연남동,1617.8,15.3,-0.9,58.57738095,16.2,5944,30,1141,7115
2021.07.06,연남동,1853.8,30.5,0,79.49404762,30.5,5944,30,1141,7115
2021.07.12,연남동,1869.8,31.4,0,82.85714286,31.4,5944,30,1141,7115
2021.09.06,연남동,1154,28.299999,16.9,71.75595238,11.399999,5944,30,1141,7115
2021.09.06,연남동,1154,28.299999,16.9,71.75595238,11.399999,5944,30,1141,7115
2021.09.23,연남동,1148.5,27.4,15.6,72.14285714,11.8,5944,30,1141,7115
2021.05.11,연남동,1754.3,24.9,8.2,53.10714286,16.7,5944,30,1141,7115
2021.03.06,연남동,1617.8,15.9,-0.9,65.81547619,16.8,5944,30,1141,7115
2021.04.05,연남동,1695.3,23.9,6.1,46.03571429,17.8,5944,30,1141,7115
2021.05.25,연남동,1782.8,26.9,0,68.75595238,26.9,5944,30,1141,7115
2021.07.15,연남동,1806.8,34,0,80.06547619,34,5944,30,1141,7115
2021.07.15,연남동,1806.8,34,0,80.06547619,34,5944,30,1141,7115
2021.01.11,염리동,1315,-2.7,-17.1,50.19047619,14.4,6262,45,1455,7762
2021.01.29,염리동,1330.5,13,-10.1,56.52380952,23.1,6262,45,1455,7762
2021.01.29,염리동,1330.5,13,-10.1,56.52380952,23.1,6262,45,1455,7762
2021.03.04,염리동,1342,14.1,0.5,60.74404762,13.6,6262,45,1455,7762
2021.03.25,염리동,1339.5,19.1,0,61.77380952,19.1,6262,45,1455,7762
2021.03.29,염리동,1361.5,19.200001,0,66.52380952,19.200001,6262,45,1455,7762
2021.04.07,염리동,1416,22.6,8.5,49.5952381,14.1,6262,45,1455,7762
2021.04.13,염리동,1436.5,20.200001,5.3,50.45238095,14.900001,6262,45,1455,7762
2021.04.19,염리동,1432,18.6,5.3,57.58333333,13.3,6262,45,1455,7762
2021.05.27,염리동,1500,24.9,12.3,67.28571429,12.6,6262,45,1455,7762
2021.05.31,염리동,1512.5,25.5,0,69.7797619,25.5,6262,45,1455,7762
2021.07.13,염리동,1566.5,32.400002,0,77.875,32.400002,6262,45,1455,7762
2021.04.16,염리동,1437,20.200001,5.3,58.16071429,14.900001,6262,45,1455,7762
2021.09.01,염리동,1056.5,29,19.1,78.21428571,9.9,6262,45,1455,7762
2021.02.09,염리동,1332.5,9.8,-5.8,58.26785714,15.6,6262,45,1455,7762
2021.04.13,염리동,1436.5,20.200001,5.3,50.45238095,14.900001,6262,45,1455,7762
2021.10.22,염리동,1082.2,16.799999,0,54.03571429,16.799999,6262,45,1455,7762
2021.02.15,염리동,1323.5,13.8,-4.7,60.92857143,18.5,6262,45,1455,7762
2021.02.17,염리동,1311,13.8,-9.4,56.22619048,23.2,6262,45,1455,7762
2021.03.24,염리동,1339.5,19.1,0,59.00595238,19.1,6262,45,1455,7762
2021.04.05,염리동,1416,22.6,7.7,48.22619048,14.9,6262,45,1455,7762
2021.04.28,염리동,1425,27.700001,11.9,48.30357143,15.800001,6262,45,1455,7762
2021.05.18,염리동,1517,29.1,0,72.88095238,29.1,6262,45,1455,7762
2021.05.24,염리동,1480,25.5,0,63.41666667,25.5,6262,45,1455,7762
2021.06.11,염리동,1532.5,31.4,18.9,70.51785714,12.5,6262,45,1455,7762
2021.08.23,염리동,1006,30.9,21,71.63095238,9.9,6262,45,1455,7762
2021.08.28,염리동,1001,29,21.1,81.20833333,7.9,6262,45,1455,7762
2021.09.02,염리동,1056.5,28.799999,19.1,76.7797619,9.699999,6262,45,1455,7762
2021.09.06,염리동,1016,28.5,18.799999,67.07142857,9.700001,6262,45,1455,7762
2021.11.05,염리동,1075.7,19.9,9,71.39880952,10.9,6262,45,1455,7762
2021.11.15,염리동,1108.7,17,2.4,63.73809524,14.6,6262,45,1455,7762
2021.12.10,염리동,1034.2,11.7,0.8,63.38095238,10.9,6262,45,1455,7762
2021.03.25,염리동,1339.5,19.1,0,61.77380952,19.1,6262,45,1455,7762
2021.01.29,염리동,1330.5,13,-10.1,56.52380952,23.1,6262,45,1455,7762
2021.01.29,염리동,1330.5,13,-10.1,56.52380952,23.1,6262,45,1455,7762
2021.03.24,염리동,1339.5,19.1,0,59.00595238,19.1,6262,45,1455,7762
2021.03.29,염리동,1361.5,19.200001,0,66.52380952,19.200001,6262,45,1455,7762
2021.03.29,염리동,1361.5,19.200001,0,66.52380952,19.200001,6262,45,1455,7762
2021.03.29,염리동,1361.5,19.200001,0,66.52380952,19.200001,6262,45,1455,7762
2021.08.08,염리동,1182,34.599998,24.200001,70.22619048,10.399997,6262,45,1455,7762
2021.04.28,염리동,1425,27.700001,11.9,48.30357143,15.800001,6262,45,1455,7762
2021.11.02,염리동,1076.2,19.6,8.9,64.56547619,10.7,6262,45,1455,7762
2021.11.22,염리동,1006.2,17.5,-1.7,66.07738095,19.2,6262,45,1455,7762
2021.12.23,염리동,1036.7,11.4,-8.9,58.51785714,20.3,6262,45,1455,7762
2021.04.05,염리동,1416,22.6,7.7,48.22619048,14.9,6262,45,1455,7762
2021.10.22,염리동,1082.2,16.799999,0,54.03571429,16.799999,6262,45,1455,7762
2021.05.07,염리동,1484,23.5,8.2,60.73214286,15.3,6262,45,1455,7762
2021.03.07,염리동,1342,14.3,0.5,68.08333333,13.8,6262,45,1455,7762
2021.03.30,염리동,1361.5,19.200001,0,64.32142857,19.200001,6262,45,1455,7762
2021.04.28,염리동,1425,27.700001,11.9,48.30357143,15.800001,6262,45,1455,7762
2021.05.28,염리동,1500.5,24.9,12.3,66.6547619,12.6,6262,45,1455,7762
2021.06.22,염리동,1562.5,29.299999,0,70.36309524,29.299999,6262,45,1455,7762
2021.08.27,염리동,1009.5,29,21,82.375,8,6262,45,1455,7762
2021.11.02,염리동,1076.2,19.6,8.9,64.56547619,10.7,6262,45,1455,7762
2021.05.07,토정동,1484,23.5,8.2,60.73214286,15.3,12661,204,3175,16040
2021.05.10,토정동,1463.5,23.5,10.6,58.55357143,12.9,12661,204,3175,16040
2021.05.24,토정동,1480,25.5,0,63.41666667,25.5,12661,204,3175,16040
2021.06.28,토정동,1545,29.5,20.1,72,9.4,12661,204,3175,16040
2021.03.03,토정동,1342,14.1,0.4,57.02380952,13.7,12661,204,3175,16040
2021.05.10,토정동,1463.5,23.5,10.6,58.55357143,12.9,12661,204,3175,16040
2021.04.09,대흥동,1416,19.5,8.4,49.98214286,11.1,12661,204,3175,16040
2021.10.07,대흥동,1059.7,29.6,0,75.32738095,29.6,12661,204,3175,16040
2021.05.31,대흥동,1512.5,25.5,0,69.7797619,25.5,12661,204,3175,16040
2021.07.09,대흥동,1583,30.700001,20.799999,80.51785714,9.900002,12661,204,3175,16040
2021.10.13,대흥동,1071.2,26,13.4,74.9702381,12.6,12661,204,3175,16040
2021.03.26,대흥동,1339.5,19.200001,0,62.19642857,19.200001,12661,204,3175,16040
2021.01.26,대흥동,1327,13,-2.2,68.9702381,15.2,12661,204,3175,16040
2021.01.26,대흥동,1327,13,-2.2,68.9702381,15.2,12661,204,3175,16040
2021.04.06,대흥동,1416,22.6,8.5,49.76785714,14.1,12661,204,3175,16040
2021.04.20,대흥동,1421.5,20.4,7.2,56.26190476,13.2,12661,204,3175,16040
2021.10.13,대흥동,1071.2,26,13.4,74.9702381,12.6,12661,204,3175,16040
2021.03.04,대흥동,1342,14.1,0.5,60.74404762,13.6,12661,204,3175,16040
2021.05.20,대흥동,1488.5,29.1,0,73.92261905,29.1,12661,204,3175,16040
2021.01.14,대흥동,1317,8.6,-14.9,58.30952381,23.5,12661,204,3175,16040
2021.03.17,대흥동,1335,16.200001,3.7,56.9047619,12.500001,12661,204,3175,16040
2021.03.25,대흥동,1339.5,19.1,0,61.77380952,19.1,12661,204,3175,16040
2021.05.12,대흥동,1459,26.200001,10.6,51.00595238,15.600001,12661,204,3175,16040
2021.05.17,대흥동,1517,29.1,0,69.10119048,29.1,12661,204,3175,16040
2021.05.21,대흥동,1490.5,25.5,0,76.70238095,25.5,12661,204,3175,16040
2021.05.26,대흥동,1487,24.9,0,65.27380952,24.9,12661,204,3175,16040
2021.05.31,대흥동,1512.5,25.5,0,69.7797619,25.5,12661,204,3175,16040
2021.06.04,대흥동,1529.5,30.6,0,68.60119048,30.6,12661,204,3175,16040
2021.06.18,대흥동,1538.5,29.9,18.700001,72.83333333,11.199999,12661,204,3175,16040
2021.06.20,대흥동,1538.5,29.299999,0,71.61904762,29.299999,12661,204,3175,16040
2021.07.05,대흥동,1559.5,31.1,0,76.57738095,31.1,12661,204,3175,16040
2021.07.08,대흥동,1581.5,30.700001,0,77.93452381,30.700001,12661,204,3175,16040
2021.07.12,대흥동,1583,31.200001,0,77.56547619,31.200001,12661,204,3175,16040
2021.08.24,대흥동,1013,30.200001,21,74.56547619,9.200001,12661,204,3175,16040
2021.08.28,대흥동,1001,29,21.1,81.20833333,7.9,12661,204,3175,16040
2021.09.08,대흥동,978,28.5,0,68.33333333,28.5,12661,204,3175,16040
2021.09.08,대흥동,978,28.5,0,68.33333333,28.5,12661,204,3175,16040
2021.09.14,대흥동,965,30,0,67.79761905,30,12661,204,3175,16040
2021.09.29,대흥동,1044,26.799999,0,70.06547619,26.799999,12661,204,3175,16040
2021.10.13,대흥동,1071.2,26,13.4,74.9702381,12.6,12661,204,3175,16040
2021.10.15,대흥동,1071.2,26,13.3,70.49404762,12.7,12661,204,3175,16040
2021.11.15,대흥동,1108.7,17,2.4,63.73809524,14.6,12661,204,3175,16040
2021.12.14,대흥동,1034.7,11.7,-4.2,65.60119048,15.9,12661,204,3175,16040
2021.02.16,토정동,1311,13.8,-9.4,60.6547619,23.2,12661,204,3175,16040
2021.03.04,토정동,1342,14.1,0.5,60.74404762,13.6,12661,204,3175,16040
2021.09.07,토정동,1006,28.5,18.799999,68.01785714,9.700001,12661,204,3175,16040
2021.02.15,토정동,1323.5,13.8,-4.7,60.92857143,18.5,12661,204,3175,16040
2021.05.10,토정동,1463.5,23.5,10.6,58.55357143,12.9,12661,204,3175,16040
2021.05.27,토정동,1500,24.9,12.3,67.28571429,12.6,12661,204,3175,16040
2021.06.15,토정동,1532,31.4,18.700001,71.50595238,12.699999,12661,204,3175,16040
2021.10.20,토정동,1082.2,24.1,0,57.19642857,24.1,12661,204,3175,16040
2021.04.01,토정동,1361.5,22,6.2,56.01785714,15.8,12661,204,3175,16040
2021.05.10,토정동,1463.5,23.5,10.6,58.55357143,12.9,12661,204,3175,16040
2021.05.21,토정동,1490.5,25.5,0,76.70238095,25.5,12661,204,3175,16040
2021.03.03,토정동,1342,14.1,0.4,57.02380952,13.7,12661,204,3175,16040
2021.04.16,토정동,1437,20.200001,5.3,58.16071429,14.900001,12661,204,3175,16040
2021.05.10,토정동,1463.5,23.5,10.6,58.55357143,12.9,12661,204,3175,16040
2021.05.20,토정동,1488.5,29.1,0,73.92261905,29.1,12661,204,3175,16040
2021.05.21,토정동,1490.5,25.5,0,76.70238095,25.5,12661,204,3175,16040
2021.11.10,토정동,1108.7,20.4,2.4,67.58333333,18,12661,204,3175,16040
2021.12.19,토정동,1036.7,11.3,-8.9,61.69047619,20.2,12661,204,3175,16040
2021.02.28,용강동,1290.5,14.1,-1.8,42.36904762,15.9,12661,204,3175,16040
2021.03.24,용강동,1339.5,19.1,0,59.00595238,19.1,12661,204,3175,16040
2021.03.24,용강동,1339.5,19.1,0,59.00595238,19.1,12661,204,3175,16040
2021.04.16,용강동,1437,20.200001,5.3,58.16071429,14.900001,12661,204,3175,16040
2021.04.18,용강동,1432,18.299999,5.3,60.7202381,12.999999,12661,204,3175,16040
2021.07.19,용강동,1518.5,36.799999,24.4,70.31547619,12.399999,12661,204,3175,16040
2021.10.07,용강동,1059.7,29.6,0,75.32738095,29.6,12661,204,3175,16040
2021.10.29,용강동,1082.7,19.299999,8.9,59.57142857,10.399999,12661,204,3175,16040
2021.11.05,용강동,1075.7,19.9,9,71.39880952,10.9,12661,204,3175,16040
2021.12.22,용강동,1036.7,11.4,-8.9,59.29166667,20.3,12661,204,3175,16040
2021.01.21,합정동,1317,10.8,-10.1,56.89880952,20.9,19319,408,4725,24452
2021.01.22,합정동,1327,7.1,-10.1,59.11309524,17.2,19319,408,4725,24452
2021.02.02,합정동,1331,9.2,-10.1,51.95833333,19.3,19319,408,4725,24452
2021.02.22,합정동,1304.5,17.4,-9.4,54.05952381,26.8,19319,408,4725,24452
2021.04.07,합정동,1416,22.6,8.5,49.5952381,14.1,19319,408,4725,24452
2021.04.12,합정동,1436.5,20.200001,8.4,49.53571429,11.800001,19319,408,4725,24452
2021.05.17,합정동,1517,29.1,0,69.10119048,29.1,19319,408,4725,24452
2021.05.18,합정동,1517,29.1,0,72.88095238,29.1,19319,408,4725,24452
2021.05.20,합정동,1488.5,29.1,0,73.92261905,29.1,19319,408,4725,24452
2021.06.21,합정동,1538.5,29.299999,0,70.6547619,29.299999,19319,408,4725,24452
2021.06.22,합정동,1562.5,29.299999,0,70.36309524,29.299999,19319,408,4725,24452
2021.07.06,합정동,1559.5,31.1,0,75.32142857,31.1,19319,408,4725,24452
2021.09.09,합정동,978,28.5,0,69.23214286,28.5,19319,408,4725,24452
2021.11.22,합정동,1006.2,17.5,-1.7,66.07738095,19.2,19319,408,4725,24452
2021.02.09,합정동,1332.5,9.8,-5.8,58.26785714,15.6,19319,408,4725,24452
2021.02.17,합정동,1311,13.8,-9.4,56.22619048,23.2,19319,408,4725,24452
2021.10.13,합정동,1071.2,26,13.4,74.9702381,12.6,19319,408,4725,24452
2021.11.03,합정동,1075.7,19.6,9,66.85119048,10.6,19319,408,4725,24452
2021.01.21,합정동,1317,10.8,-10.1,56.89880952,20.9,19319,408,4725,24452
2021.02.03,합정동,1331,9.2,-10.1,55.16071429,19.3,19319,408,4725,24452
2021.03.03,합정동,1342,14.1,0.4,57.02380952,13.7,19319,408,4725,24452
2021.03.08,합정동,1342,14.3,1.4,63.07738095,12.9,19319,408,4725,24452
2021.03.09,합정동,1342,14.3,2.5,62.20238095,11.8,19319,408,4725,24452
2021.03.15,합정동,1335,16.200001,4,61.39880952,12.200001,19319,408,4725,24452
2021.03.23,합정동,1339.5,19.1,3.4,57.52380952,15.7,19319,408,4725,24452
2021.04.13,합정동,1436.5,20.200001,5.3,50.45238095,14.900001,19319,408,4725,24452
2021.04.16,합정동,1437,20.200001,5.3,58.16071429,14.900001,19319,408,4725,24452
2021.04.26,합정동,1421,27.700001,11.5,44.24404762,16.200001,19319,408,4725,24452
2021.04.26,합정동,1421,27.700001,11.5,44.24404762,16.200001,19319,408,4725,24452
2021.05.24,합정동,1480,25.5,0,63.41666667,25.5,19319,408,4725,24452
2021.05.24,합정동,1480,25.5,0,63.41666667,25.5,19319,408,4725,24452
2021.06.02,합정동,1512,30.6,0,71.75595238,30.6,19319,408,4725,24452
2021.06.14,합정동,1531,31.4,18.700001,71.80952381,12.699999,19319,408,4725,24452
2021.07.04,합정동,1559.5,31.1,0,76.80952381,31.1,19319,408,4725,24452
2021.07.08,합정동,1581.5,30.700001,0,77.93452381,30.700001,19319,408,4725,24452
2021.07.15,합정동,1536.5,33.700001,0,74.93452381,33.700001,19319,408,4725,24452
2021.07.15,합정동,1536.5,33.700001,0,74.93452381,33.700001,19319,408,4725,24452
2021.07.16,합정동,1544.5,36.799999,0,73.79166667,36.799999,19319,408,4725,24452
2021.08.04,합정동,1269,35.299999,25.700001,71,9.599998,19319,408,4725,24452
2021.08.24,합정동,1013,30.200001,21,74.56547619,9.200001,19319,408,4725,24452
2021.10.07,합정동,1059.7,29.6,0,75.32738095,29.6,19319,408,4725,24452
2021.10.07,합정동,1059.7,29.6,0,75.32738095,29.6,19319,408,4725,24452
2021.11.09,합정동,1108.7,20.4,2.4,68.8452381,18,19319,408,4725,24452
2021.11.30,합정동,1034.2,12.4,-1.3,56.16666667,13.7,19319,408,4725,24452
2021.06.14,합정동,1531,31.4,18.700001,71.80952381,12.699999,19319,408,4725,24452
2021.11.17,합정동,1108.7,17,3.8,60.55952381,13.2,19319,408,4725,24452
2021.03.16,합정동,1335,16.200001,3.7,58.7202381,12.500001,19319,408,4725,24452
2021.04.07,합정동,1416,22.6,8.5,49.5952381,14.1,19319,408,4725,24452
2021.06.28,합정동,1545,29.5,20.1,72,9.4,19319,408,4725,24452
2021.07.07,합정동,1581.5,31.1,0,76.33928571,31.1,19319,408,4725,24452
2021.07.07,합정동,1581.5,31.1,0,76.33928571,31.1,19319,408,4725,24452
2021.07.09,합정동,1583,30.700001,20.799999,80.51785714,9.900002,19319,408,4725,24452
2021.07.20,합정동,1526,36.799999,24.4,70.91071429,12.399999,19319,408,4725,24452
2021.08.29,합정동,990.5,29,21.1,81.54166667,7.9,19319,408,4725,24452
2021.09.10,합정동,974,29.4,0,72.28571429,29.4,19319,408,4725,24452
2021.12.27,합정동,1036.7,8.4,-14,52.80357143,22.4,19319,408,4725,24452
2021.05.20,합정동,1488.5,29.1,0,73.92261905,29.1,19319,408,4725,24452
2021.05.27,합정동,1500,24.9,12.3,67.28571429,12.6,19319,408,4725,24452
2021.03.04,합정동,1342,14.1,0.5,60.74404762,13.6,19319,408,4725,24452
2021.05.18,합정동,1517,29.1,0,72.88095238,29.1,19319,408,4725,24452
2021.02.05,합정동,1332.5,9.2,-7.6,59.26190476,16.8,19319,408,4725,24452
2021.02.25,합정동,1296,17.4,-1.8,49.10714286,19.2,19319,408,4725,24452
2021.03.01,합정동,1342,14.1,-1.2,49.10714286,15.3,19319,408,4725,24452
2021.03.05,합정동,1342,14.3,0.5,65.27380952,13.8,19319,408,4725,24452
2021.03.12,합정동,1333.5,15.2,2.5,58.8452381,12.7,19319,408,4725,24452
2021.04.15,합정동,1436.5,20.200001,5.3,55.86309524,14.900001,19319,408,4725,24452
2021.05.10,합정동,1463.5,23.5,10.6,58.55357143,12.9,19319,408,4725,24452
2021.05.16,합정동,1513.5,29.1,12.6,66.2797619,16.5,19319,408,4725,24452
2021.05.16,합정동,1513.5,29.1,12.6,66.2797619,16.5,19319,408,4725,24452
2021.05.18,합정동,1517,29.1,0,72.88095238,29.1,19319,408,4725,24452
2021.06.02,합정동,1512,30.6,0,71.75595238,30.6,19319,408,4725,24452
2021.06.21,합정동,1538.5,29.299999,0,70.6547619,29.299999,19319,408,4725,24452
2021.07.08,합정동,1581.5,30.700001,0,77.93452381,30.700001,19319,408,4725,24452
2021.07.11,합정동,1583,30.700001,22,78.17261905,8.700001,19319,408,4725,24452
2021.07.20,합정동,1526,36.799999,24.4,70.91071429,12.399999,19319,408,4725,24452
2021.08.22,합정동,1031,32.099998,21,67.95238095,11.099998,19319,408,4725,24452
2021.09.10,합정동,974,29.4,0,72.28571429,29.4,19319,408,4725,24452
2021.11.18,합정동,1104.2,17,4.4,63.56547619,12.6,19319,408,4725,24452
2021.11.22,합정동,1006.2,17.5,-1.7,66.07738095,19.2,19319,408,4725,24452
2021.12.10,합정동,1034.2,11.7,0.8,63.38095238,10.9,19319,408,4725,24452
2021.12.15,합정동,1034.7,11.3,-4.2,68.02380952,15.5,19319,408,4725,24452
2021.12.15,합정동,1034.7,11.3,-4.2,68.02380952,15.5,19319,408,4725,24452
2021.12.17,합정동,1034.7,11.3,-8.9,60.5952381,20.2,19319,408,4725,24452
2021.03.03,합정동,1342,14.1,0.4,57.02380952,13.7,19319,408,4725,24452
2021.03.02,합정동,1342,14.1,0.4,54.25595238,13.7,19319,408,4725,24452
2021.05.21,합정동,1490.5,25.5,0,76.70238095,25.5,19319,408,4725,24452
2021.05.24,합정동,1480,25.5,0,63.41666667,25.5,19319,408,4725,24452
2021.06.30,합정동,1495.5,29.5,20.200001,74.0297619,9.299999,19319,408,4725,24452
2021.02.16,합정동,1311,13.8,-9.4,60.6547619,23.2,19319,408,4725,24452
2021.02.25,합정동,1296,17.4,-1.8,49.10714286,19.2,19319,408,4725,24452
2021.03.08,합정동,1342,14.3,1.4,63.07738095,12.9,19319,408,4725,24452
2021.03.20,합정동,1339.5,19.1,3.7,58.36904762,15.4,19319,408,4725,24452
2021.05.04,합정동,1476.5,19.9,8.2,65.51190476,11.7,19319,408,4725,24452
2021.05.20,합정동,1488.5,29.1,0,73.92261905,29.1,19319,408,4725,24452
2021.06.02,합정동,1512,30.6,0,71.75595238,30.6,19319,408,4725,24452
2021.06.14,합정동,1531,31.4,18.700001,71.80952381,12.699999,19319,408,4725,24452
2021.07.08,합정동,1581.5,30.700001,0,77.93452381,30.700001,19319,408,4725,24452
2021.10.30,합정동,1082.7,19.299999,8.9,60.9047619,10.399999,19319,408,4725,24452
2021.11.18,합정동,1104.2,17,4.4,63.56547619,12.6,19319,408,4725,24452
2021.11.23,합정동,1006.2,17.5,-1.7,65.61309524,19.2,19319,408,4725,24452
2021.11.23,합정동,1006.2,17.5,-1.7,65.61309524,19.2,19319,408,4725,24452
2021.12.05,합정동,1034.2,12.4,-2.1,55.2797619,14.5,19319,408,4725,24452
2021.12.22,합정동,1036.7,11.4,-8.9,59.29166667,20.3,19319,408,4725,24452
2021.12.22,합정동,1036.7,11.4,-8.9,59.29166667,20.3,19319,408,4725,24452
2021.12.23,합정동,1036.7,11.4,-8.9,58.51785714,20.3,19319,408,4725,24452
2021.11.30,합정동,1034.2,12.4,-1.3,56.16666667,13.7,19319,408,4725,24452
2021.07.06,합정동,1559.5,31.1,0,75.32142857,31.1,19319,408,4725,24452
2021.06.06,합정동,1529.5,30.6,0,67.63095238,30.6,19319,408,4725,24452
2021.06.22,합정동,1562.5,29.299999,0,70.36309524,29.299999,19319,408,4725,24452
